_id	scopus_author_id	indexed_name	given_name	surname	name_in_project_dataset	n_panels	panels	n_domains	domains	n_projects	projects	source_file	imported_at	auid	match	unit	n_people_unit	n_references_author	n_references_unit	n_overlap	percentage
6abbf4212297e265fbed8343	56521280600	Bonfanti A.	Andrea	Bonfanti	Andrea Bonfanti	1	PE9	1	PE	1	101052347	autori_scopus_preferred-name_erc.tsv	2026-09-29 17:23:45.736000	56521280600	1	PE9	553	2094	213606	2094	100.0
6abbf4212297e265fbed8343	56521280600	Bonfanti A.	Andrea	Bonfanti	Andrea Bonfanti	1	PE9	1	PE	1	101052347	autori_scopus_preferred-name_erc.tsv	2026-09-29 17:23:45.736000	55367411500	0	PE9	553	407	213606	3	0.7371007371007371
6abbf4222297e265fbed8754	55367411500	Bonfanti A.	Andrea Giovanni	Bonfanti	A. Bonfanti	1	PE7	1	PE	1	101054098	autori_scopus_preferred-name_erc.tsv	2026-09-29 17:23:46.668000	56521280600	0	PE7	143	2094	66683	8	0.38204393505253104
6abbf4222297e265fbed8754	55367411500	Bonfanti A.	Andrea Giovanni	Bonfanti	A. Bonfanti	1	PE7	1	PE	1	101054098	autori_scopus_preferred-name_erc.tsv	2026-09-29 17:23:46.668000	55367411500	1	PE7	143	407	66683	68	16.707616707616708
6abbf4212297e265fbed8348	57202863096	Facchini S.	Stefano	Facchini	Stefano Facchini	1	PE9	1	PE	3	101076613 - 101039651 - 101104656	autori_scopus_preferred-name_erc.tsv	2026-09-29 17:23:45.741000	57202863096	1	PE9	553	3023	213606	2958	97.84981806152828
6abbf4212297e265fbed8348	57202863096	Facchini S.	Stefano	Facchini	Stefano Facchini	1	PE9	1	PE	3	101076613 - 101039651 - 101104656	autori_scopus_preferred-name_erc.tsv	2026-09-29 17:23:45.741000	47661058900	0	PE9	553	637	213606	5	0.7849293563579277
6abbf4222297e265fbed8718	47661058900	Facchini S.	Silvia	Facchini	Silvia Facchini	1	SYG-LS	1	LS	1	101071900	autori_scopus_preferred-name_erc.tsv	2026-09-29 17:23:46.620000	57202863096	0	SYG-LS	50	3023	44153	8	0.2646377770426729
6abbf4222297e265fbed8718	47661058900	Facchini S.	Silvia	Facchini	Silvia Facchini	1	SYG-LS	1	LS	1	101071900	autori_scopus_preferred-name_erc.tsv	2026-09-29 17:23:46.620000	47661058900	1	SYG-LS	50	637	44153	611	95.91836734693877
6abbf4212297e265fbed836d	57216593054	Giordano G.	Giulia	Giordano	Giulia Giordano	1	PE7	1	PE	1	101076926	autori_scopus_preferred-name_erc.tsv	2026-09-29 17:23:45.774000	57216593054	1	PE7	143	2580	66683	2103	81.51162790697674
6abbf4212297e265fbed836d	57216593054	Giordano G.	Giulia	Giordano	Giulia Giordano	1	PE7	1	PE	1	101076926	autori_scopus_preferred-name_erc.tsv	2026-09-29 17:23:45.774000	57203142562	0	PE7	143	705	66683	17	2.4113475177304964
6abbf4212297e265fbed836d	57216593054	Giordano G.	Giulia	Giordano	Giulia Giordano	1	PE7	1	PE	1	101076926	autori_scopus_preferred-name_erc.tsv	2026-09-29 17:23:45.774000	57204645152	0	PE7	143	2316	66683	12	0.5181347150259068
6abbf4222297e265fbed88ed	57203142562	Giordano G.	Goffredo	Giordano	Goffredo Giordano	1	PE8	1	PE	1	101039198	autori_scopus_preferred-name_erc.tsv	2026-09-29 17:23:46.950000	57216593054	0	PE8	222	2580	171287	103	3.9922480620155043
6abbf4222297e265fbed88ed	57203142562	Giordano G.	Goffredo	Giordano	Goffredo Giordano	1	PE8	1	PE	1	101039198	autori_scopus_preferred-name_erc.tsv	2026-09-29 17:23:46.950000	57203142562	1	PE8	222	705	171287	675	95.74468085106383
6abbf4222297e265fbed88ed	57203142562	Giordano G.	Goffredo	Giordano	Goffredo Giordano	1	PE8	1	PE	1	101039198	autori_scopus_preferred-name_erc.tsv	2026-09-29 17:23:46.950000	57204645152	0	PE8	222	2316	171287	66	2.849740932642487
6abbf4222297e265fbed8908	57204645152	Giordano G.	Girolamo	Giordano	Girolamo Giordano	1	PE5	1	PE	1	101054004	autori_scopus_preferred-name_erc.tsv	2026-09-29 17:23:46.975000	57216593054	0	PE5	133	2580	79196	13	0.5038759689922481
6abbf4222297e265fbed8908	57204645152	Giordano G.	Girolamo	Giordano	Girolamo Giordano	1	PE5	1	PE	1	101054004	autori_scopus_preferred-name_erc.tsv	2026-09-29 17:23:46.975000	57203142562	0	PE5	133	705	79196	20	2.8368794326241136
6abbf4222297e265fbed8908	57204645152	Giordano G.	Girolamo	Giordano	Girolamo Giordano	1	PE5	1	PE	1	101054004	autori_scopus_preferred-name_erc.tsv	2026-09-29 17:23:46.975000	57204645152	1	PE5	133	2316	79196	2092	90.32815198618307
6abbf4212297e265fbed8384	57191528884	Bruno G.	Giovanni	Bruno	G. Bruno	1	PE9	1	PE	1	101052347	autori_scopus_preferred-name_erc.tsv	2026-09-29 17:23:45.795000	57191528884	1	PE9	553	2269	213606	2206	97.22344645218158
6abbf4212297e265fbed8384	57191528884	Bruno G.	Giovanni	Bruno	G. Bruno	1	PE9	1	PE	1	101052347	autori_scopus_preferred-name_erc.tsv	2026-09-29 17:23:45.795000	7202705219	0	PE9	553	9673	213606	1197	12.374651090664738
6abbf4232297e265fbed8c44	7202705219	Bruno G.	Giuseppe Eugenio	Bruno	G. Bruno	1	PE2	1	PE	1	101115353	autori_scopus_preferred-name_erc.tsv	2026-09-29 17:23:47.611000	57191528884	0	PE2	203	2269	90501	67	2.9528426619656236
6abbf4232297e265fbed8c44	7202705219	Bruno G.	Giuseppe Eugenio	Bruno	G. Bruno	1	PE2	1	PE	1	101115353	autori_scopus_preferred-name_erc.tsv	2026-09-29 17:23:47.611000	7202705219	1	PE2	203	9673	90501	8967	92.70133360901478
6abbf4222297e265fbed84bf	27568039400	Santini P.	Paola	Santini	Paola Santini	1	PE9	1	PE	1	101053208	autori_scopus_preferred-name_erc.tsv	2026-09-29 17:23:46.083000	27568039400	1	PE9	553	4571	213606	4505	98.55611463574711
6abbf4222297e265fbed84bf	27568039400	Santini P.	Paola	Santini	Paola Santini	1	PE9	1	PE	1	101053208	autori_scopus_preferred-name_erc.tsv	2026-09-29 17:23:46.083000	7006198153	0	PE9	553	963	213606	20	2.0768431983385254
6abbf4232297e265fbed8c15	7006198153	Santini P.	Paolo	Santini	P. Santini	1	SYG-PE	1	PE	1	101071533	autori_scopus_preferred-name_erc.tsv	2026-09-29 17:23:47.571000	27568039400	0	SYG-PE	83	4571	62916	1035	22.642747757602276
6abbf4232297e265fbed8c15	7006198153	Santini P.	Paolo	Santini	P. Santini	1	SYG-PE	1	PE	1	101071533	autori_scopus_preferred-name_erc.tsv	2026-09-29 17:23:47.571000	7006198153	1	SYG-PE	83	963	62916	963	100.0
6abbf4222297e265fbed84f8	56195219500	Camargo F.	Franco V.A.	Camargo	Franco V. A. Camargo	1	LS9	1	LS	1	101053983	autori_scopus_preferred-name_erc.tsv	2026-09-29 17:23:46.135000	56195219500	1	LS9	27	1088	26168	354	32.536764705882355
6abbf4222297e265fbed84f8	56195219500	Camargo F.	Franco V.A.	Camargo	Franco V. A. Camargo	1	LS9	1	LS	1	101053983	autori_scopus_preferred-name_erc.tsv	2026-09-29 17:23:46.135000	59304306700	0	LS9	27	0	26168	0	0
6abbf4232297e265fbed8aeb	59304306700	Camargo F.	Franco V.A.	Camargo	Franco V. A. Camargo	1	PE4	1	PE	2	101047137 - 101076859	autori_scopus_preferred-name_erc.tsv	2026-09-29 17:23:47.311000	56195219500	0	PE4	133	1088	85933	429	39.43014705882353
6abbf4232297e265fbed8aeb	59304306700	Camargo F.	Franco V.A.	Camargo	Franco V. A. Camargo	1	PE4	1	PE	2	101047137 - 101076859	autori_scopus_preferred-name_erc.tsv	2026-09-29 17:23:47.311000	59304306700	1	PE4	133	0	85933	0	0
6abbf4222297e265fbed8510	56806349200	Giordano F.	Francesco	Giordano	F. Giordano	1	PE9	1	PE	1	101076343	autori_scopus_preferred-name_erc.tsv	2026-09-29 17:23:46.158000	56806349200	1	PE9	553	4993	213606	4901	98.15742038854395
6abbf4222297e265fbed8510	56806349200	Giordano F.	Francesco	Giordano	F. Giordano	1	PE9	1	PE	1	101076343	autori_scopus_preferred-name_erc.tsv	2026-09-29 17:23:46.158000	57196834241	0	PE9	553	446	213606	1	0.2242152466367713
6abbf4222297e265fbed88a8	57196834241	Giordano F.	Francesca	Giordano	Francesca Giordano	1	LS8	1	LS	2	101045015 - 101060218	autori_scopus_preferred-name_erc.tsv	2026-09-29 17:23:46.903000	56806349200	0	LS8	97	4993	73039	11	0.22030843180452633
6abbf4222297e265fbed88a8	57196834241	Giordano F.	Francesca	Giordano	Francesca Giordano	1	LS8	1	LS	2	101045015 - 101060218	autori_scopus_preferred-name_erc.tsv	2026-09-29 17:23:46.903000	57196834241	1	LS8	97	446	73039	213	47.75784753363229
6abbf4222297e265fbed8531	57200871157	Bianchi S.	Stefano	Bianchi	Stefano Bianchi	1	PE9	1	PE	1	101076343	autori_scopus_preferred-name_erc.tsv	2026-09-29 17:23:46.188000	57200871157	1	PE9	553	4559	213606	4247	93.1563939460408
6abbf4222297e265fbed8531	57200871157	Bianchi S.	Stefano	Bianchi	Stefano Bianchi	1	PE9	1	PE	1	101076343	autori_scopus_preferred-name_erc.tsv	2026-09-29 17:23:46.188000	57194868199	0	PE9	553	292	213606	9	3.0821917808219177
6abbf4222297e265fbed8892	57194868199	Bianchi S.	Stefano	Bianchi	S. Bianchi	1	PE7	1	PE	1	101054098	autori_scopus_preferred-name_erc.tsv	2026-09-29 17:23:46.882000	57200871157	0	PE7	143	4559	66683	6	0.13160780872998465
6abbf4222297e265fbed8892	57194868199	Bianchi S.	Stefano	Bianchi	S. Bianchi	1	PE7	1	PE	1	101054098	autori_scopus_preferred-name_erc.tsv	2026-09-29 17:23:46.882000	57194868199	1	PE7	143	292	66683	292	100.0
6abbf4222297e265fbed8568	57218589809	Ricci S.	Saverio	Ricci	Saverio Ricci	1	PE7	1	PE	1	101042585	autori_scopus_preferred-name_erc.tsv	2026-09-29 17:23:46.241000	57218589809	1	PE7	143	284	66683	258	90.84507042253522
6abbf4222297e265fbed8568	57218589809	Ricci S.	Saverio	Ricci	Saverio Ricci	1	PE7	1	PE	1	101042585	autori_scopus_preferred-name_erc.tsv	2026-09-29 17:23:46.241000	57209088804	0	PE7	143	1270	66683	6	0.47244094488188976
6abbf4232297e265fbed8936	57209088804	Ricci S.	Stefano	Ricci	Stefano Ricci	1	SH6	1	SH	1	101077348	autori_scopus_preferred-name_erc.tsv	2026-09-29 17:23:47.006000	57218589809	0	SH6	57	284	40049	0	0.0
6abbf4232297e265fbed8936	57209088804	Ricci S.	Stefano	Ricci	Stefano Ricci	1	SH6	1	SH	1	101077348	autori_scopus_preferred-name_erc.tsv	2026-09-29 17:23:47.006000	57209088804	1	SH6	57	1270	40049	1150	90.5511811023622
6abbf4222297e265fbed85dc	8387869900	Vitiello M.	Miriam Serena	Vitiello	Miriam S Vitiello	1	PE7	1	PE	1	101081567	autori_scopus_preferred-name_erc.tsv	2026-09-29 17:23:46.353000	8387869900	1	PE7	143	2694	66683	2420	89.82925018559762
6abbf4222297e265fbed85dc	8387869900	Vitiello M.	Miriam Serena	Vitiello	Miriam S Vitiello	1	PE7	1	PE	1	101081567	autori_scopus_preferred-name_erc.tsv	2026-09-29 17:23:46.353000	7005142905	0	PE7	143	691	66683	6	0.8683068017366137
6abbf4232297e265fbed8bfc	7005142905	Vitiello M.	Mariateresa	Vitiello	Mariateresa Vitiello	1	PE5	1	PE	1	101039841	autori_scopus_preferred-name_erc.tsv	2026-09-29 17:23:47.549000	8387869900	0	PE5	133	2694	79196	61	2.2642910170749815
6abbf4232297e265fbed8bfc	7005142905	Vitiello M.	Mariateresa	Vitiello	Mariateresa Vitiello	1	PE5	1	PE	1	101039841	autori_scopus_preferred-name_erc.tsv	2026-09-29 17:23:47.549000	7005142905	1	PE5	133	691	79196	279	40.37626628075253
6abbf4222297e265fbed8637	19638894400	Marino G.	Gianluca	Marino	Gianluca Marino	1	SH6	1	SH	1	101052653	autori_scopus_preferred-name_erc.tsv	2026-09-29 17:23:46.434000	19638894400	1	SH6	57	301	40049	79	26.245847176079735
6abbf4222297e265fbed8637	19638894400	Marino G.	Gianluca	Marino	Gianluca Marino	1	SH6	1	SH	1	101052653	autori_scopus_preferred-name_erc.tsv	2026-09-29 17:23:46.434000	7202998420	0	SH6	57	535	40049	4	0.7476635514018692
6abbf4232297e265fbed8c46	7202998420	Marino G.	Giuseppe	Marino	G. Marino	1	PE9	1	PE	1	101052347	autori_scopus_preferred-name_erc.tsv	2026-09-29 17:23:47.612000	19638894400	0	PE9	553	301	213606	15	4.983388704318937
6abbf4232297e265fbed8c46	7202998420	Marino G.	Giuseppe	Marino	G. Marino	1	PE9	1	PE	1	101052347	autori_scopus_preferred-name_erc.tsv	2026-09-29 17:23:47.612000	7202998420	1	PE9	553	535	213606	535	100.0
6abbf4222297e265fbed86db	36089941600	Fossati M.	Matteo	Fossati	Matteo Fossati	1	LS4	1	LS	1	101055323	autori_scopus_preferred-name_erc.tsv	2026-09-29 17:23:46.580000	36089941600	1	LS4	68	720	76190	245	34.02777777777778
6abbf4222297e265fbed86db	36089941600	Fossati M.	Matteo	Fossati	Matteo Fossati	1	LS4	1	LS	1	101055323	autori_scopus_preferred-name_erc.tsv	2026-09-29 17:23:46.580000	55711165700	0	LS4	68	4218	76190	6	0.1422475106685633
6abbf4222297e265fbed877d	55711165700	Fossati M.	Matteo	Fossati	M. Fossati	1	PE9	1	PE	1	101086378	autori_scopus_preferred-name_erc.tsv	2026-09-29 17:23:46.693000	36089941600	0	PE9	553	720	213606	0	0.0
6abbf4222297e265fbed877d	55711165700	Fossati M.	Matteo	Fossati	M. Fossati	1	PE9	1	PE	1	101086378	autori_scopus_preferred-name_erc.tsv	2026-09-29 17:23:46.693000	55711165700	1	PE9	553	4218	213606	3941	93.43290659080132
6abbf4222297e265fbed87bf	56181497000	Capelli R.	Riccardo	Capelli	Riccardo Capelli	1	PE4	1	PE	1	101053661	autori_scopus_preferred-name_erc.tsv	2026-09-29 17:23:46.734000	56181497000	1	PE4	133	1757	85933	1263	71.88389299943084
6abbf4222297e265fbed87bf	56181497000	Capelli R.	Riccardo	Capelli	Riccardo Capelli	1	PE4	1	PE	1	101053661	autori_scopus_preferred-name_erc.tsv	2026-09-29 17:23:46.734000	7004511670	0	PE4	133	582	85933	77	13.23024054982818
6abbf4232297e265fbed8bea	7004511670	Capelli R.	Raffaella	Capelli	Raffaella Capelli	1	PE7	1	PE	1	101055379	autori_scopus_preferred-name_erc.tsv	2026-09-29 17:23:47.532000	56181497000	0	PE7	143	1757	66683	36	2.048947068867388
6abbf4232297e265fbed8bea	7004511670	Capelli R.	Raffaella	Capelli	Raffaella Capelli	1	PE7	1	PE	1	101055379	autori_scopus_preferred-name_erc.tsv	2026-09-29 17:23:47.532000	7004511670	1	PE7	143	582	66683	432	74.22680412371135
6abbf4222297e265fbed87e8	56423307400	Prato M.	Maurizio	Prato	Maurizio Prato	1	PE5	1	PE	1	101039578	autori_scopus_preferred-name_erc.tsv	2026-09-29 17:23:46.767000	56423307400	1	PE5	133	11747	79196	4211	35.847450412871375
6abbf4222297e265fbed87e8	56423307400	Prato M.	Maurizio	Prato	Maurizio Prato	1	PE5	1	PE	1	101039578	autori_scopus_preferred-name_erc.tsv	2026-09-29 17:23:46.767000	57208455894	0	PE5	133	10996	79196	2145	19.507093488541287
6abbf4232297e265fbed892d	57208455894	Prato M.	Mirko	Prato	Mirko Prato	1	PE11	1	PE	1	101044020	autori_scopus_preferred-name_erc.tsv	2026-09-29 17:23:47.003000	56423307400	0	PE11	57	11747	43193	1050	8.938452370818082
6abbf4232297e265fbed892d	57208455894	Prato M.	Mirko	Prato	Mirko Prato	1	PE11	1	PE	1	101044020	autori_scopus_preferred-name_erc.tsv	2026-09-29 17:23:47.003000	57208455894	1	PE11	57	10996	43193	4063	36.949799927246275
6abbf4222297e265fbed887c	57193613731	de Simone M.	Marta	de Simone	M. De Simone	1	PE9	1	PE	1	101098309	autori_scopus_preferred-name_erc.tsv	2026-09-29 17:23:46.865000	57193613731	1	PE9	553	1186	213606	1166	98.31365935919055
6abbf4222297e265fbed887c	57193613731	de Simone M.	Marta	de Simone	M. De Simone	1	PE9	1	PE	1	101098309	autori_scopus_preferred-name_erc.tsv	2026-09-29 17:23:46.865000	57435288800	0	PE9	553	1895	213606	66	3.4828496042216357
6abbf4232297e265fbed8a20	57435288800	de Simone M.	Monica	de Simone	Monica de Simone	1	PE4	1	PE	1	101095012	autori_scopus_preferred-name_erc.tsv	2026-09-29 17:23:47.153000	57193613731	0	PE4	133	1186	85933	41	3.456998313659359
6abbf4232297e265fbed8a20	57435288800	de Simone M.	Monica	de Simone	Monica de Simone	1	PE4	1	PE	1	101095012	autori_scopus_preferred-name_erc.tsv	2026-09-29 17:23:47.153000	57435288800	1	PE4	133	1895	85933	1895	100.0
6abbf4232297e265fbed89a4	57219456152	Perrone M.	Mattia	Perrone	Mattia Perrone	1	PE4	1	PE	1	101053661	autori_scopus_preferred-name_erc.tsv	2026-09-29 17:23:47.085000	57219456152	1	PE4	133	202	85933	202	100.0
6abbf4232297e265fbed89a4	57219456152	Perrone M.	Mattia	Perrone	Mattia Perrone	1	PE4	1	PE	1	101053661	autori_scopus_preferred-name_erc.tsv	2026-09-29 17:23:47.085000	57449060900	0	PE4	133	445	85933	6	1.348314606741573
6abbf4232297e265fbed8a22	57449060900	Perrone M.	Michela	Perrone	Michela Perrone	1	LS4	1	LS	1	101045285	autori_scopus_preferred-name_erc.tsv	2026-09-29 17:23:47.154000	57219456152	0	LS4	68	202	76190	10	4.9504950495049505
6abbf4232297e265fbed8a22	57449060900	Perrone M.	Michela	Perrone	Michela Perrone	1	LS4	1	LS	1	101045285	autori_scopus_preferred-name_erc.tsv	2026-09-29 17:23:47.154000	57449060900	1	LS4	68	445	76190	355	79.7752808988764
6abbf4232297e265fbed8a7e	58476390600	Caputo M.	Mariapia	Caputo	Mariapia Caputo	1	PE8	1	PE	1	101040383	autori_scopus_preferred-name_erc.tsv	2026-09-29 17:23:47.221000	58476390600	1	PE8	222	486	171287	168	34.5679012345679
6abbf4232297e265fbed8a7e	58476390600	Caputo M.	Mariapia	Caputo	Mariapia Caputo	1	PE8	1	PE	1	101040383	autori_scopus_preferred-name_erc.tsv	2026-09-29 17:23:47.221000	7102895151	0	PE8	222	785	171287	79	10.063694267515924
6abbf4232297e265fbed8c3a	7102895151	Caputo M.	Marco	Caputo	Marco Caputo	1	PE3	1	PE	1	101117424	autori_scopus_preferred-name_erc.tsv	2026-09-29 17:23:47.603000	58476390600	0	PE3	40	486	31696	16	3.292181069958848
6abbf4232297e265fbed8c3a	7102895151	Caputo M.	Marco	Caputo	Marco Caputo	1	PE3	1	PE	1	101117424	autori_scopus_preferred-name_erc.tsv	2026-09-29 17:23:47.603000	7102895151	1	PE3	40	785	31696	311	39.61783439490446
6abbf4232297e265fbed8b89	6701404489	Menna E.	Enzo	Menna	Enzo Menna	1	PE11	1	PE	1	101041229	autori_scopus_preferred-name_erc.tsv	2026-09-29 17:23:47.449000	6701404489	1	PE11	57	1779	43193	1130	63.51883080382237
6abbf4232297e265fbed8b89	6701404489	Menna E.	Enzo	Menna	Enzo Menna	1	PE11	1	PE	1	101041229	autori_scopus_preferred-name_erc.tsv	2026-09-29 17:23:47.449000	6701404490	0	PE11	57	1496	43193	10	0.6684491978609626
6abbf4232297e265fbed8b8a	6701404490	Menna E.	Elisabetta	Menna	Elisabetta Menna	1	LS4	1	LS	1	101055323	autori_scopus_preferred-name_erc.tsv	2026-09-29 17:23:47.449000	6701404489	0	LS4	68	1779	76190	15	0.8431703204047217
6abbf4232297e265fbed8b8a	6701404490	Menna E.	Elisabetta	Menna	Elisabetta Menna	1	LS4	1	LS	1	101055323	autori_scopus_preferred-name_erc.tsv	2026-09-29 17:23:47.449000	6701404490	1	LS4	68	1496	76190	775	51.8048128342246
