id	name	surname	RF	AD	university	AUID	class
1	FRANCESCO	PORCELLI	07/D1	AGR/11	UNIVERSITÀ DI BARI	36794313400	1
1	FRANCESCO	PORCELLI	07/D1	AGR/11	UNIVERSITÀ DI BARI	56874821600	0
2	VITO	PESCE	05/E1	BIO/10	UNIVERSITÀ DI BARI	57208996724	1
2	VITO	PESCE	05/E1	BIO/10	UNIVERSITÀ DI BARI	56875860800	0
3	IGNAZIO	GRATTAGLIANO	06/M2	MED/43	UNIVERSITÀ DI BARI	58035955200	0
3	IGNAZIO	GRATTAGLIANO	06/M2	MED/43	UNIVERSITÀ DI BARI	56738914000	1
4	DANIELA	PINTO	04/A1	GEO/09	UNIVERSITÀ DI BARI	58230648500	1
4	DANIELA	PINTO	04/A1	GEO/09	UNIVERSITÀ DI BARI	56682581800	0
5	FRANCESCO	DE LEONARDIS	09/E3	ING-INF/01	POLITECNICO DI BARI	35229197700	1
5	FRANCESCO	DE LEONARDIS	09/E3	ING-INF/01	POLITECNICO DI BARI	57521815900	0
6	CATERINA	RIZZI	09/A3	ING-IND/15	UNIVERSITÀ DI BERGAMO	7005032423	1
6	CATERINA	RIZZI	09/A3	ING-IND/15	UNIVERSITÀ DI BERGAMO	59279730300	1
7	DAVIDE	ROSSI	09/E3	ING-INF/01	UNIVERSITÀ DI BOLOGNA	7103169675	1
7	DAVIDE	ROSSI	09/E3	ING-INF/01	UNIVERSITÀ DI BOLOGNA	57194011914	0
8	PIERLUIGI	VIALE	06/D4	MED/17	UNIVERSITÀ DI BOLOGNA	56962714100	1
8	PIERLUIGI	VIALE	06/D4	MED/17	UNIVERSITÀ DI BOLOGNA	59077125400	1
9	STEFANO	ZAFFAGNINI	06/F4	MED/33	UNIVERSITÀ DI BOLOGNA	57192340346	1
9	STEFANO	ZAFFAGNINI	06/F4	MED/33	UNIVERSITÀ DI BOLOGNA	7003438311	1
10	CLAUDIO	MAZZOTTI	08/B3	ICAR/09	UNIVERSITÀ DI BOLOGNA	56084591400	0
10	CLAUDIO	MAZZOTTI	08/B3	ICAR/09	UNIVERSITÀ DI BOLOGNA	35612301800	1
11	MARCO	PELLEGRINI	09/B2	ING-IND/17	UNIVERSITÀ DI BOLOGNA	55769748240	1
11	MARCO	PELLEGRINI	09/B2	ING-IND/17	UNIVERSITÀ DI BOLOGNA	57200399011	0
12	ANDREA	BARTOLINI	09/H1	ING-INF/05	UNIVERSITÀ DI BOLOGNA	55193346300	0
12	ANDREA	BARTOLINI	09/H1	ING-INF/05	UNIVERSITÀ DI BOLOGNA	57216775622	1
13	LORENZO	DONATI	09/B1	ING-IND/16	UNIVERSITÀ DI BOLOGNA	58099000800	0
13	LORENZO	DONATI	09/B1	ING-IND/16	UNIVERSITÀ DI BOLOGNA	8411235000	1
14	RICCARDO	CASADEI	06/C1	MED/18	UNIVERSITÀ DI BOLOGNA	57222346419	0
14	RICCARDO	CASADEI	06/C1	MED/18	UNIVERSITÀ DI BOLOGNA	7006438057	1
15	LORENZO	CHIARI	09/G2	ING-INF/06	UNIVERSITÀ DI BOLOGNA	57201335923	0
15	LORENZO	CHIARI	09/G2	ING-INF/06	UNIVERSITÀ DI BOLOGNA	6701379140	1
16	ANTONIO	ZOCCOLI	02/A1	FIS/01	UNIVERSITÀ DI BOLOGNA	57221398312	1
16	ANTONIO	ZOCCOLI	02/A1	FIS/01	UNIVERSITÀ DI BOLOGNA	7004328842	1
17	MICHELE	MONACI	01/A6	MAT/09	UNIVERSITÀ DI BOLOGNA	6602519730	1
17	MICHELE	MONACI	01/A6	MAT/09	UNIVERSITÀ DI BOLOGNA	57222003602	0
18	ELISA	MONTAGUTI	13/B2	SECS-P/08	UNIVERSITÀ DI BOLOGNA	57193085144	0
18	ELISA	MONTAGUTI	13/B2	SECS-P/08	UNIVERSITÀ DI BOLOGNA	24166633200	1
19	GIOVANNI	PERINI	05/I1	BIO/18	UNIVERSITÀ DI BOLOGNA	35311882900	1
19	GIOVANNI	PERINI	05/I1	BIO/18	UNIVERSITÀ DI BOLOGNA	57200225539	1
19	GIOVANNI	PERINI	05/I1	BIO/18	UNIVERSITÀ DI BOLOGNA	59393824900	1
20	IVAN	LANESE	01/B1	INF/01	UNIVERSITÀ DI BOLOGNA	8984182000	1
20	IVAN	LANESE	01/B1	INF/01	UNIVERSITÀ DI BOLOGNA	57218692920	1
21	SILVANA	HRELIA	05/E1	BIO/10	UNIVERSITÀ DI BOLOGNA	7006925536	1
21	SILVANA	HRELIA	05/E1	BIO/10	UNIVERSITÀ DI BOLOGNA	57202806936	1
22	MARCO	BANDINI	03/C1	CHIM/06	UNIVERSITÀ DI BOLOGNA	7004214864	1
22	MARCO	BANDINI	03/C1	CHIM/06	UNIVERSITÀ DI BOLOGNA	57191834937	0
23	GIUSEPPE	GASPARRE	06/A1	MED/03	UNIVERSITÀ DI BOLOGNA	55606721849	0
23	GIUSEPPE	GASPARRE	06/A1	MED/03	UNIVERSITÀ DI BOLOGNA	6507765908	1
24	ELENA	FABBRI	05/D1	BIO/09	UNIVERSITÀ DI BOLOGNA	59318571400	0
24	ELENA	FABBRI	05/D1	BIO/09	UNIVERSITÀ DI BOLOGNA	57193196102	1
28	ANTONIO	FIORENTINO	09/B1	ING-IND/16	UNIVERSITÀ DI BRESCIA	7005112089	0
28	ANTONIO	FIORENTINO	09/B1	ING-IND/16	UNIVERSITÀ DI BRESCIA	16303775100	1
29	MARIA LORENZA	MUIESAN	06/B1	MED/09	UNIVERSITÀ DI BRESCIA	57447974000	1
29	MARIA LORENZA	MUIESAN	06/B1	MED/09	UNIVERSITÀ DI BRESCIA	7004900766	1
30	MARIA ANTONIETTA	VINCENTI	09/F1	ING-INF/02	UNIVERSITÀ DI BRESCIA	59089960300	1
30	MARIA ANTONIETTA	VINCENTI	09/F1	ING-INF/02	UNIVERSITÀ DI BRESCIA	22836912800	1
31	NICOLA	SACCANI	09/B2	ING-IND/17	UNIVERSITÀ DI BRESCIA	15849430200	1
31	NICOLA	SACCANI	09/B2	ING-IND/17	UNIVERSITÀ DI BRESCIA	57218539220	0
32	CHIARA	MAGRI	05/F1	BIO/13	UNIVERSITÀ DI BRESCIA	6701337681	1
32	CHIARA	MAGRI	05/F1	BIO/13	UNIVERSITÀ DI BRESCIA	58092073300	0
34	STEFANO	NEGRINI	06/F4	MED/34	UNIVERSITÀ DI BRESCIA	57211177961	0
34	STEFANO	NEGRINI	06/F4	MED/34	UNIVERSITÀ DI BRESCIA	16307641300	1
35	LUIGI	ATZORI	06/A2	MED/05	UNIVERSITÀ DI CAGLIARI	57208011473	0
35	LUIGI	ATZORI	06/A2	MED/05	UNIVERSITÀ DI CAGLIARI	57217659469	1
36	LUIGI	ATZORI	09/F2	ING-INF/03	UNIVERSITÀ DI CAGLIARI	57208011473	1
36	LUIGI	ATZORI	09/F2	ING-INF/03	UNIVERSITÀ DI CAGLIARI	57217659469	0
37	FRANCESCO	LAI	03/D2	CHIM/09	UNIVERSITÀ DI CAGLIARI	56825100300	0
37	FRANCESCO	LAI	03/D2	CHIM/09	UNIVERSITÀ DI CAGLIARI	58937193300	1
38	STEFANO	LAI	09/G2	ING-INF/06	UNIVERSITÀ DI CAGLIARI	57210705860	0
38	STEFANO	LAI	09/G2	ING-INF/06	UNIVERSITÀ DI CAGLIARI	54980367800	1
39	ALBERTO	CAULI	06/D3	MED/16	UNIVERSITÀ DI CAGLIARI	6701724454	1
39	ALBERTO	CAULI	06/D3	MED/16	UNIVERSITÀ DI CAGLIARI	59096056600	1
40	MARCO	PISTIS	05/G1	BIO/14	UNIVERSITÀ DI CAGLIARI	57223210146	0
40	MARCO	PISTIS	05/G1	BIO/14	UNIVERSITÀ DI CAGLIARI	6701636492	1
41	DANIELE	COCCO	09/C1	ING-IND/09	UNIVERSITÀ DI CAGLIARI	35877304100	1
41	DANIELE	COCCO	09/C1	ING-IND/09	UNIVERSITÀ DI CAGLIARI	57522444900	0
42	GIORGIO	PIA	09/D1	ING-IND/22	UNIVERSITÀ DI CAGLIARI	55506281400	1
42	GIORGIO	PIA	09/D1	ING-IND/22	UNIVERSITÀ DI CAGLIARI	6701679815	0
43	CRISTINA	COCCO	05/H1	BIO/16	UNIVERSITÀ DI CAGLIARI	58788181400	0
43	CRISTINA	COCCO	05/H1	BIO/16	UNIVERSITÀ DI CAGLIARI	6603664100	1
44	SALVATORE	FAZIO	02/A1	FIS/01	UNIVERSITÀ DELLA CALABRIA	8956952300	1
44	SALVATORE	FAZIO	02/A1	FIS/01	UNIVERSITÀ DELLA CALABRIA	57413155800	1
45	ANNA	NAPOLI	01/A5	MAT/08	UNIVERSITÀ DELLA CALABRIA	55367430000	0
45	ANNA	NAPOLI	01/A5	MAT/08	UNIVERSITÀ DELLA CALABRIA	57189856022	1
46	FRANCESCO	PARISI	09/H1	ING-INF/05	UNIVERSITÀ DELLA CALABRIA	57325273300	0
46	FRANCESCO	PARISI	09/H1	ING-INF/05	UNIVERSITÀ DELLA CALABRIA	36020331900	1
47	ENRICO	TASSI	02/A1	FIS/01	UNIVERSITÀ DELLA CALABRIA	25940585700	1
47	ENRICO	TASSI	02/A1	FIS/01	UNIVERSITÀ DELLA CALABRIA	57403063800	1
48	TIZIANA	MARINO	03/B1	CHIM/03	UNIVERSITÀ DELLA CALABRIA	56249822500	1
48	TIZIANA	MARINO	03/B1	CHIM/03	UNIVERSITÀ DELLA CALABRIA	56330794000	0
49	TATIANA	GUIDI	02/A1	FIS/01	UNIVERSITÀ DI CAMERINO	6603258864	1
49	TATIANA	GUIDI	02/A1	FIS/01	UNIVERSITÀ DI CAMERINO	57208832161	1
50	GIUSEPPE	CARBONE	09/A2	ING-IND/13	UNIVERSITÀ DI CASSINO E LAZIO MERIDIONALE	7005370456	1
50	GIUSEPPE	CARBONE	09/A2	ING-IND/13	UNIVERSITÀ DI CASSINO E LAZIO MERIDIONALE	58103042500	0
51	ALESSANDRO	D'URSO	03/B1	CHIM/03	UNIVERSITÀ DI CATANIA	57056259500	1
51	ALESSANDRO	D'URSO	03/B1	CHIM/03	UNIVERSITÀ DI CATANIA	57190842490	1
52	FRANCESCO	PAPPALARDO	01/B1	INF/01	UNIVERSITÀ DI CATANIA	57220471986	0
52	FRANCESCO	PAPPALARDO	01/B1	INF/01	UNIVERSITÀ DI CATANIA	15020960900	1
53	RENATA	RIZZO	06/G1	MED/39	UNIVERSITÀ DI CATANIA	7101923208	1
53	RENATA	RIZZO	06/G1	MED/39	UNIVERSITÀ DI CATANIA	57208023313	1
54	STEFANIA	STEFANI	06/A3	MED/07	UNIVERSITÀ DI CATANIA	7005362821	1
54	STEFANIA	STEFANI	06/A3	MED/07	UNIVERSITÀ DI CATANIA	57222487881	1
55	VINCENZO	MICALE	05/G1	BIO/14	UNIVERSITÀ DI CATANIA	6602554330	1
55	VINCENZO	MICALE	05/G1	BIO/14	UNIVERSITÀ DI CATANIA	55111278500	0
56	SALVATORE SANTO	SIGNORELLI	06/B1	MED/09	UNIVERSITÀ DI CATANIA	57201079139	1
56	SALVATORE SANTO	SIGNORELLI	06/B1	MED/09	UNIVERSITÀ DI CATANIA	57220423523	1
57	CORRADO	TAMBURINO	06/D1	MED/11	UNIVERSITÀ DI CATANIA	57212260375	1
57	CORRADO	TAMBURINO	06/D1	MED/11	UNIVERSITÀ DI CATANIA	7006304483	1
58	SALVATORE	LEONARDI	01/A3	MAT/05	UNIVERSITÀ DI CATANIA	56370211000	1
58	SALVATORE	LEONARDI	01/A3	MAT/05	UNIVERSITÀ DI CATANIA	58563719400	0
58	SALVATORE	LEONARDI	01/A3	MAT/05	UNIVERSITÀ DI CATANIA	57208295241	0
59	SALVATORE	LEONARDI	06/G1	MED/38	UNIVERSITÀ DI CATANIA	56370211000	0
59	SALVATORE	LEONARDI	06/G1	MED/38	UNIVERSITÀ DI CATANIA	57208295241	0
59	SALVATORE	LEONARDI	06/G1	MED/38	UNIVERSITÀ DI CATANIA	58563719400	1
60	GIUSEPPE	PAPPALARDO	01/B1	INF/01	UNIVERSITÀ DI CATANIA	57191536944	0
60	GIUSEPPE	PAPPALARDO	01/B1	INF/01	UNIVERSITÀ DI CATANIA	57197810426	1
61	ANTONIO	BIONDI	07/D1	AGR/11	UNIVERSITÀ DI CATANIA	55338828900	1
61	ANTONIO	BIONDI	07/D1	AGR/11	UNIVERSITÀ DI CATANIA	58542755900	0
62	ROSSELLA	CARUSO	02/A1	FIS/01	UNIVERSITÀ DI CATANIA	57220864063	0
62	ROSSELLA	CARUSO	02/A1	FIS/01	UNIVERSITÀ DI CATANIA	7102906925	1
63	SALVATORE	GRECO	13/D4	SECS-S/06	UNIVERSITÀ DI CATANIA	58165112900	0
63	SALVATORE	GRECO	13/D4	SECS-S/06	UNIVERSITÀ DI CATANIA	26643629100	1
64	GIOVAMBATTISTA	DE SARRO	05/G1	BIO/14	UNIVERSITÀ DI CATANZARO	57218787790	1
64	GIOVAMBATTISTA	DE SARRO	05/G1	BIO/14	UNIVERSITÀ DI CATANZARO	57201386594	1
65	AGOSTINO	GNASSO	06/N1	MED/50	UNIVERSITÀ DI CATANZARO	58581634600	1
65	AGOSTINO	GNASSO	06/N1	MED/50	UNIVERSITÀ DI CATANZARO	7005345782	1
66	PIEROSANDRO	TAGLIAFERRI	06/D3	MED/06	UNIVERSITÀ DI CATANZARO	57220361121	1
66	PIEROSANDRO	TAGLIAFERRI	06/D3	MED/06	UNIVERSITÀ DI CATANZARO	7006218368	1
67	ANTONIO	GAMBARDELLA	06/D6	MED/26	UNIVERSITÀ DI CATANZARO	57188533912	0
67	ANTONIO	GAMBARDELLA	06/D6	MED/26	UNIVERSITÀ DI CATANZARO	7103208295	1
68	FRANCESCO	CAVAZZINI	06/D3	MED/15	UNIVERSITÀ DI FERRARA	35405339400	1
68	FRANCESCO	CAVAZZINI	06/D3	MED/15	UNIVERSITÀ DI FERRARA	57205413933	1
69	MARCO	GIANNINI	11/E4	M-PSI/08	UNIVERSITÀ DI FIRENZE	7006012334	1
69	MARCO	GIANNINI	11/E4	M-PSI/08	UNIVERSITÀ DI FIRENZE	57878220300	0
70	RENZO	GUERRINI	06/G1	MED/39	UNIVERSITÀ DI FIRENZE	57221570968	1
70	RENZO	GUERRINI	06/G1	MED/39	UNIVERSITÀ DI FIRENZE	22947165000	1
71	FRANCESCO	ROVERO	05/C1	BIO/07	UNIVERSITÀ DI FIRENZE	57226218926	1
71	FRANCESCO	ROVERO	05/C1	BIO/07	UNIVERSITÀ DI FIRENZE	57192300947	1
72	SERGIO	SERNI	06/E2	MED/24	UNIVERSITÀ DI FIRENZE	7004259268	1
72	SERGIO	SERNI	06/E2	MED/24	UNIVERSITÀ DI FIRENZE	57195085920	1
73	FRANCESCO	TIEZZI	01/B1	INF/01	UNIVERSITÀ DI FIRENZE	23089657900	1
73	FRANCESCO	TIEZZI	01/B1	INF/01	UNIVERSITÀ DI FIRENZE	56592460600	0
74	ELISABETTA	BALDI	06/A2	MED/05	UNIVERSITÀ DI FIRENZE	57207799400	1
74	ELISABETTA	BALDI	06/A2	MED/05	UNIVERSITÀ DI FIRENZE	7006366633	1
75	SARA	LOMBARDI	13/B3	SECS-P/10	UNIVERSITÀ DI FIRENZE	55523271400	1
75	SARA	LOMBARDI	13/B3	SECS-P/10	UNIVERSITÀ DI FIRENZE	57892377100	0
76	ALESSANDRO	BARTOLONI	06/D4	MED/17	UNIVERSITÀ DI FIRENZE	35285626700	0
76	ALESSANDRO	BARTOLONI	06/D4	MED/17	UNIVERSITÀ DI FIRENZE	7006172182	1
77	MARCO	PAGLIAI	03/A2	CHIM/02	UNIVERSITÀ DI FIRENZE	57215381498	0
77	MARCO	PAGLIAI	03/A2	CHIM/02	UNIVERSITÀ DI FIRENZE	6701575282	1
79	SIMONE	ORLANDINI	07/B1	AGR/02	UNIVERSITÀ DI FIRENZE	7006855645	1
79	SIMONE	ORLANDINI	07/B1	AGR/02	UNIVERSITÀ DI FIRENZE	57205552014	0
80	GIOVANNI	PRATESI	04/A1	GEO/06	UNIVERSITÀ DI FIRENZE	57194726932	0
80	GIOVANNI	PRATESI	04/A1	GEO/06	UNIVERSITÀ DI FIRENZE	57194713633	1
81	GIUSEPPE	CIBELLI	05/D1	BIO/09	UNIVERSITÀ DI FOGGIA	6602091770	1
82	SILVIA	VILLA	01/A6	MAT/09	UNIVERSITÀ DI GENOVA	15623837000	1
82	SILVIA	VILLA	01/A6	MAT/09	UNIVERSITÀ DI GENOVA	57216756539	0
83	MARCO	FERRARI	04/A3	GEO/04	UNIVERSITÀ DI GENOVA	57984981100	0
83	MARCO	FERRARI	04/A3	GEO/04	UNIVERSITÀ DI GENOVA	24467729200	1
84	LIVIA	PISCIOTTA	06/D2	MED/49	UNIVERSITÀ DI GENOVA	6602289161	1
84	LIVIA	PISCIOTTA	06/D2	MED/49	UNIVERSITÀ DI GENOVA	57215024817	0
85	MARCO	PALLAVICINI	02/A1	FIS/01	UNIVERSITÀ DI GENOVA	7005278071	1
85	MARCO	PALLAVICINI	02/A1	FIS/01	UNIVERSITÀ DI GENOVA	57221325618	1
86	ALESSANDRO	SQUIZZATO	06/B1	MED/09	UNIVERSITÀ DI INSUBRIA	6603268379	1
87	ALESSANDRO	SQUIZZATO	06/B1	MED/09	UNIVERSITÀ DELL'INSUBRIA	57221793570	1
88	ANDREA	CATTANEO	06/M2	MED/44	UNIVERSITÀ DELL'INSUBRIA	55237333600	1
88	ANDREA	CATTANEO	06/M2	MED/44	UNIVERSITÀ DELL'INSUBRIA	56841229500	0
89	FRANCESCO	FERELLA	09/D2	ING-IND/26	UNIVERSITÀ DELL'AQUILA	24341002000	1
89	FRANCESCO	FERELLA	09/D2	ING-IND/26	UNIVERSITÀ DELL'AQUILA	57218506456	0
90	MAURO	MACCARRONE	05/E1	BIO/10	UNIVERSITÀ DELL'AQUILA	7004870192	1
90	MAURO	MACCARRONE	05/E1	BIO/10	UNIVERSITÀ DELL'AQUILA	57208538960	1
92	FRANCESCO	DE PAULIS	09/E1	ING-IND/31	UNIVERSITÀ DELL'AQUILA	57224493142	1
92	FRANCESCO	DE PAULIS	09/E1	ING-IND/31	UNIVERSITÀ DELL'AQUILA	56949046400	1
93	FABIO	MINUTOLI	06/I1	MED/36	UNIVERSITÀ DI MESSINA	58425496800	0
93	FABIO	MINUTOLI	06/I1	MED/36	UNIVERSITÀ DI MESSINA	7004045219	1
94	ANTONIO	TOSCANO	06/D6	MED/26	UNIVERSITÀ DI MESSINA	57221520481	1
94	ANTONIO	TOSCANO	06/D6	MED/26	UNIVERSITÀ DI MESSINA	7005054465	1
95	ANTONINO	RECUPERO	08/B3	ICAR/09	UNIVERSITÀ DI MESSINA	6602421913	1
95	ANTONINO	RECUPERO	08/B3	ICAR/09	UNIVERSITÀ DI MESSINA	56109687400	0
96	FAUSTO	FAMA'	06/C1	MED/18	UNIVERSITÀ DI MESSINA	57313950600	1
96	FAUSTO	FAMA'	06/C1	MED/18	UNIVERSITÀ DI MESSINA	6701601300	1
97	MARIOSIMONE	ZOCCALI	03/A1	CHIM/01	UNIVERSITÀ DI MESSINA	57222629218	1
97	MARIOSIMONE	ZOCCALI	03/A1	CHIM/01	UNIVERSITÀ DI MESSINA	54975058100	1
98	FRANCESCO	ARENA	03/C2	CHIM/04	UNIVERSITÀ DI MESSINA	35333509300	0
98	FRANCESCO	ARENA	03/C2	CHIM/04	UNIVERSITÀ DI MESSINA	57225406851	1
99	CONCETTA	CRISAFULLI	05/F1	BIO/13	UNIVERSITÀ DI MESSINA	26026852700	1
99	CONCETTA	CRISAFULLI	05/F1	BIO/13	UNIVERSITÀ DI MESSINA	57201985196	1
100	ALESSANDRA	BANDERA	06/D4	MED/17	UNIVERSITÀ DI MILANO	57606336000	1
100	ALESSANDRA	BANDERA	06/D4	MED/17	UNIVERSITÀ DI MILANO	57217989504	1
101	MARIO	BERETTA	06/F1	MED/28	UNIVERSITÀ DI MILANO	57213928932	0
101	MARIO	BERETTA	06/F1	MED/28	UNIVERSITÀ DI MILANO	55936393900	1
102	SARA	CASTIGLIONI	06/A2	MED/04	UNIVERSITÀ DI MILANO	59133952500	1
102	SARA	CASTIGLIONI	06/A2	MED/04	UNIVERSITÀ DI MILANO	57201990420	0
103	MATTEO	CESARI	06/B1	MED/09	UNIVERSITÀ DI MILANO	57220542647	1
103	MATTEO	CESARI	06/B1	MED/09	UNIVERSITÀ DI MILANO	7005590063	1
104	ANNA MARIA	MARCONI	06/H1	MED/40	UNIVERSITÀ DI MILANO	57202561875	1
104	ANNA MARIA	MARCONI	06/H1	MED/40	UNIVERSITÀ DI MILANO	35569404800	1
105	MARCO	ROSSI	06/E3	MED/27	UNIVERSITÀ DI MILANO	57221145298	0
105	MARCO	ROSSI	06/E3	MED/27	UNIVERSITÀ DI MILANO	57454422000	1
106	SILVIA	BIANCHI	06/A3	MED/07	UNIVERSITÀ DI MILANO	58911359600	1
106	SILVIA	BIANCHI	06/A3	MED/07	UNIVERSITÀ DI MILANO	57555484900	0
107	VALENTINA	COLOMBO	03/B1	CHIM/03	UNIVERSITÀ DI MILANO	36957339700	0
107	VALENTINA	COLOMBO	03/B1	CHIM/03	UNIVERSITÀ DI MILANO	16241203000	1
108	STEFANO	CATTANEO	07/F1	AGR/15	UNIVERSITÀ DI MILANO	57188865983	0
108	STEFANO	CATTANEO	07/F1	AGR/15	UNIVERSITÀ DI MILANO	7003530377	1
109	CHIARA	MAZZOCCHI	07/A1	AGR/01	UNIVERSITÀ DI MILANO	7003738264	0
109	CHIARA	MAZZOCCHI	07/A1	AGR/01	UNIVERSITÀ DI MILANO	57151673300	1
110	FABIO	MOSCA	06/G1	MED/38	UNIVERSITÀ DI MILANO	57208812927	0
110	FABIO	MOSCA	06/G1	MED/38	UNIVERSITÀ DI MILANO	7102054478	1
111	ANDREA	ROMANO	05/C1	BIO/07	UNIVERSITÀ DI MILANO	57210786905	0
111	ANDREA	ROMANO	05/C1	BIO/07	UNIVERSITÀ DI MILANO	57208699536	1
112	ALBERTO	VILLA	03/B1	CHIM/03	UNIVERSITÀ DI MILANO	56817946800	0
112	ALBERTO	VILLA	03/B1	CHIM/03	UNIVERSITÀ DI MILANO	7201597914	1
113	SILVIA	LEONI	02/A1	FIS/04	UNIVERSITÀ DI MILANO	56249269500	1
113	SILVIA	LEONI	02/A1	FIS/04	UNIVERSITÀ DI MILANO	57185156100	0
114	PAOLO	MILANI	02/B1	FIS/03	UNIVERSITÀ DI MILANO	7004296540	1
114	PAOLO	MILANI	02/B1	FIS/03	UNIVERSITÀ DI MILANO	24080706600	0
115	SARA	FORESTI	01/B1	INF/01	UNIVERSITÀ DI MILANO	23003951700	0
115	SARA	FORESTI	01/B1	INF/01	UNIVERSITÀ DI MILANO	55238737300	1
116	ELISA	BORGHI	06/A3	MED/07	UNIVERSITÀ DI MILANO	56261739300	0
116	ELISA	BORGHI	06/A3	MED/07	UNIVERSITÀ DI MILANO	7003623129	1
117	MARCO	CARBONE	06/D4	MED/12	UNIVERSITÀ DI MILANO-BICOCCA	57226732743	1
117	MARCO	CARBONE	06/D4	MED/12	UNIVERSITÀ DI MILANO-BICOCCA	49661067500	1
118	MARCO	MANTOVANI	13/A1	SECS-P/01	UNIVERSITÀ DI MILANO-BICOCCA	57223251919	0
118	MARCO	MANTOVANI	13/A1	SECS-P/01	UNIVERSITÀ DI MILANO-BICOCCA	57189490891	1
119	LAURA	RUSSO	03/C1	CHIM/06	UNIVERSITÀ DI MILANO-BICOCCA	55757784441	1
119	LAURA	RUSSO	03/C1	CHIM/06	UNIVERSITÀ DI MILANO-BICOCCA	55751743352	0
120	MASSIMO	CLERICI	06/D5	MED/25	UNIVERSITÀ DI MILANO-BICOCCA	57220473217	1
120	MASSIMO	CLERICI	06/D5	MED/25	UNIVERSITÀ DI MILANO-BICOCCA	56926906800	1
121	ANDREA	GALIMBERTI	05/B1	BIO/05	UNIVERSITÀ DI MILANO-BICOCCA	57221176314	0
121	ANDREA	GALIMBERTI	05/B1	BIO/05	UNIVERSITÀ DI MILANO-BICOCCA	57220094889	1
122	ANDREA	GALIMBERTI	11/D1	M-PED/01	UNIVERSITÀ DI MILANO-BICOCCA	57221176314	1
122	ANDREA	GALIMBERTI	11/D1	M-PED/01	UNIVERSITÀ DI MILANO-BICOCCA	57220094889	0
123	GIUSEPPE	VACCA	01/A5	MAT/08	UNIVERSITÀ DI MILANO-BICOCCA	37003280500	1
123	GIUSEPPE	VACCA	01/A5	MAT/08	UNIVERSITÀ DI MILANO-BICOCCA	25960147300	0
124	MARCO	BRAMBILLA	11/E3	M-PSI/05	UNIVERSITÀ DI MILANO-BICOCCA	57220045104	0
124	MARCO	BRAMBILLA	11/E3	M-PSI/05	UNIVERSITÀ DI MILANO-BICOCCA	36052214600	1
125	GIORGIO	COLOMBO	09/A3	ING-IND/15	POLITECNICO DI MILANO	57203078561	1
125	GIORGIO	COLOMBO	09/A3	ING-IND/15	POLITECNICO DI MILANO	58375879000	0
126	MARCO	MANCINI	08/A1	ICAR/02	POLITECNICO DI MILANO	57200009259	1
126	MARCO	MANCINI	08/A1	ICAR/02	POLITECNICO DI MILANO	58710028600	1
127	LUCA	MARTINELLI	08/B2	ICAR/08	POLITECNICO DI MILANO	35872424200	1
127	LUCA	MARTINELLI	08/B2	ICAR/08	POLITECNICO DI MILANO	57738390300	1
128	STEFANO	BERETTA	09/A3	ING-IND/14	POLITECNICO DI MILANO	55562133000	0
128	STEFANO	BERETTA	09/A3	ING-IND/14	POLITECNICO DI MILANO	7005795223	1
129	VALERIA	FEDELI	08/F1	ICAR/20	POLITECNICO DI MILANO	58183491400	1
129	VALERIA	FEDELI	08/F1	ICAR/20	POLITECNICO DI MILANO	11239826500	1
130	PAOLO	CHIESA	09/C1	ING-IND/09	POLITECNICO DI MILANO	55694086600	1
130	PAOLO	CHIESA	09/C1	ING-IND/09	POLITECNICO DI MILANO	7004136628	1
131	ALESSANDRO	ROCCA	08/D1	ICAR/14	POLITECNICO DI MILANO	37074245400	0
131	ALESSANDRO	ROCCA	08/D1	ICAR/14	POLITECNICO DI MILANO	55556189100	1
132	GABRIELE	CANDIANI	09/G2	ING-IND/34	POLITECNICO DI MILANO	35975520500	0
132	GABRIELE	CANDIANI	09/G2	ING-IND/34	POLITECNICO DI MILANO	7005901965	1
133	NICOLA	GATTI	09/H1	ING-INF/05	POLITECNICO DI MILANO	6602167825	1
133	NICOLA	GATTI	09/H1	ING-INF/05	POLITECNICO DI MILANO	56866498700	0
134	SIMONA	SICA	06/D3	MED/15	UNIVERSITÀ CATTOLICA DEL SACRO CUORE	58150175800	0
134	SIMONA	SICA	06/D3	MED/15	UNIVERSITÀ CATTOLICA DEL SACRO CUORE	7006844486	1
135	MARCO	LOMBARDI	14/C1	SPS/07	UNIVERSITÀ CATTOLICA DEL SACRO CUORE	57215776251	0
135	MARCO	LOMBARDI	14/C1	SPS/07	UNIVERSITÀ CATTOLICA DEL SACRO CUORE	55999949600	1
136	GUENDALINA	GRAFFIGNA	11/E3	M-PSI/06	UNIVERSITÀ CATTOLICA DEL SACRO CUORE	57220337860	1
136	GUENDALINA	GRAFFIGNA	11/E3	M-PSI/06	UNIVERSITÀ CATTOLICA DEL SACRO CUORE	34067612600	1
137	MAURIZIO	POMPILI	06/B1	MED/09	UNIVERSITÀ CATTOLICA DEL SACRO CUORE	7005882312	0
137	MAURIZIO	POMPILI	06/B1	MED/09	UNIVERSITÀ CATTOLICA DEL SACRO CUORE	57194756806	1
138	ANDREA	FALINI	06/I1	MED/37	UNIVERSITÀ DI UNISR - SAN RAFFAELE	7003494994	1
138	ANDREA	FALINI	06/I1	MED/37	UNIVERSITÀ DI UNISR - SAN RAFFAELE	57205451953	1
139	LUCA	LUSVARGHI	09/D1	ING-IND/22	UNIVERSITÀ DI MODENA E REGGIO EMILIA	24466846900	1
139	LUCA	LUSVARGHI	09/D1	ING-IND/22	UNIVERSITÀ DI MODENA E REGGIO EMILIA	57673952900	0
140	ELENA	ROSSI	01/A3	MAT/05	UNIVERSITÀ DI MODENA E REGGIO EMILIA	57204023817	0
140	ELENA	ROSSI	01/A3	MAT/05	UNIVERSITÀ DI MODENA E REGGIO EMILIA	56102157400	1
141	CLAUDIA	CANALI	09/H1	ING-INF/05	UNIVERSITÀ DI MODENA E REGGIO EMILIA	36547269200	0
141	CLAUDIA	CANALI	09/H1	ING-INF/05	UNIVERSITÀ DI MODENA E REGGIO EMILIA	12644930700	1
142	ELENA	CORRADINI	06/B1	MED/09	UNIVERSITÀ DI MODENA E REGGIO EMILIA	57189011117	0
142	ELENA	CORRADINI	06/B1	MED/09	UNIVERSITÀ DI MODENA E REGGIO EMILIA	6602542808	1
143	STEFANO	LUGLI	04/A2	GEO/02	UNIVERSITÀ DI MODENA E REGGIO EMILIA	55926439900	1
143	STEFANO	LUGLI	04/A2	GEO/02	UNIVERSITÀ DI MODENA E REGGIO EMILIA	25929990900	0
144	ANDREA	SACCHETTI	01/A4	MAT/07	UNIVERSITÀ DI MODENA E REGGIO EMILIA	7006753350	1
144	ANDREA	SACCHETTI	01/A4	MAT/07	UNIVERSITÀ DI MODENA E REGGIO EMILIA	57201793515	0
145	LUCA	ZANNI	01/A5	MAT/08	UNIVERSITÀ DI MODENA E REGGIO EMILIA	57221448029	0
145	LUCA	ZANNI	01/A5	MAT/08	UNIVERSITÀ DI MODENA E REGGIO EMILIA	6602464612	1
146	GIUSEPPE	IANIRI	07/D1	AGR/12	UNIVERSITÀ DEL MOLISE	57216717566	0
146	GIUSEPPE	IANIRI	07/D1	AGR/12	UNIVERSITÀ DEL MOLISE	50461404500	1
147	MARCO	MARCHETTI	07/B2	AGR/05	UNIVERSITÀ DEL MOLISE	56232040400	0
147	MARCO	MARCHETTI	07/B2	AGR/05	UNIVERSITÀ DEL MOLISE	57192094610	1
148	GIUSEPPE	BIFULCO	06/H1	MED/40	UNIVERSITÀ DI NAPOLI FEDERICO II	56962753900	0
148	GIUSEPPE	BIFULCO	06/H1	MED/40	UNIVERSITÀ DI NAPOLI FEDERICO II	58073992100	1
149	FRANCESCA	BORRELLI	05/G1	BIO/14	UNIVERSITÀ DI NAPOLI FEDERICO II	35501243200	1
149	FRANCESCA	BORRELLI	05/G1	BIO/14	UNIVERSITÀ DI NAPOLI FEDERICO II	57896262900	0
150	MARIA	DE FALCO	01/A2	MAT/02	UNIVERSITÀ DI NAPOLI FEDERICO II	57220006470	1
150	MARIA	DE FALCO	01/A2	MAT/02	UNIVERSITÀ DI NAPOLI FEDERICO II	7005046338	0
151	GIUSEPPE	DE ROSA	03/D2	CHIM/09	UNIVERSITÀ DI NAPOLI FEDERICO II	7102090682	1
151	GIUSEPPE	DE ROSA	03/D2	CHIM/09	UNIVERSITÀ DI NAPOLI FEDERICO II	57209783434	0
152	LUCA	ESPOSITO	09/A3	ING-IND/14	UNIVERSITÀ DI NAPOLI FEDERICO II	26430688500	1
152	LUCA	ESPOSITO	09/A3	ING-IND/14	UNIVERSITÀ DI NAPOLI FEDERICO II	57213668760	0
153	ANTONIO	FORMISANO	08/B3	ICAR/09	UNIVERSITÀ DI NAPOLI FEDERICO II	57208464176	0
153	ANTONIO	FORMISANO	08/B3	ICAR/09	UNIVERSITÀ DI NAPOLI FEDERICO II	54421738200	1
154	LUIGI	FORMISANO	06/D3	MED/06	UNIVERSITÀ DI NAPOLI FEDERICO II	57221356807	0
154	LUIGI	FORMISANO	06/D3	MED/06	UNIVERSITÀ DI NAPOLI FEDERICO II	57221356801	0
154	LUIGI	FORMISANO	06/D3	MED/06	UNIVERSITÀ DI NAPOLI FEDERICO II	6508160049	1
155	RAFFAELE	GIORDANO	02/A1	FIS/01	UNIVERSITÀ DI NAPOLI FEDERICO II	36550305800	0
155	RAFFAELE	GIORDANO	02/A1	FIS/01	UNIVERSITÀ DI NAPOLI FEDERICO II	35240421200	1
156	RAFFAELE	MAROTTA	09/D3	ING-IND/27	UNIVERSITÀ DI NAPOLI FEDERICO II	57573578100	0
156	RAFFAELE	MAROTTA	09/D3	ING-IND/27	UNIVERSITÀ DI NAPOLI FEDERICO II	35280146200	1
157	DANILO	RUSSO	05/C1	BIO/07	UNIVERSITÀ DI NAPOLI FEDERICO II	7201590909	1
158	DANILO	RUSSO	05/C1	BIO/07	UNIVERSITÀ DI NAPOLI FEDERICO II	57189839956	0
159	DANILO	RUSSO	09/D3	ING-IND/27	UNIVERSITÀ DI NAPOLI FEDERICO II	7201590909	0
159	DANILO	RUSSO	09/D3	ING-IND/27	UNIVERSITÀ DI NAPOLI FEDERICO II	57189839956	1
160	ROBERTO	BERNI CANANI	06/G1	MED/38	UNIVERSITÀ DI NAPOLI FEDERICO II	57008139600	1
160	ROBERTO	BERNI CANANI	06/G1	MED/38	UNIVERSITÀ DI NAPOLI FEDERICO II	57423139300	1
161	VINCENZO	BRESCIA MORRA	06/D6	MED/26	UNIVERSITÀ DI NAPOLI FEDERICO II	6603751678	1
161	VINCENZO	BRESCIA MORRA	06/D6	MED/26	UNIVERSITÀ DI NAPOLI FEDERICO II	57219717804	1
162	GIUSEPPE	GARGIULO	06/D1	MED/11	UNIVERSITÀ DI NAPOLI FEDERICO II	56888483300	1
162	GIUSEPPE	GARGIULO	06/D1	MED/11	UNIVERSITÀ DI NAPOLI FEDERICO II	57190673684	0
163	CARLO	NITSCH	01/A3	MAT/05	UNIVERSITÀ DI NAPOLI FEDERICO II	57196100529	0
163	CARLO	NITSCH	01/A3	MAT/05	UNIVERSITÀ DI NAPOLI FEDERICO II	24438082300	1
164	MARIA	ROMANO	09/G2	ING-INF/06	UNIVERSITÀ DI NAPOLI FEDERICO II	57201844152	0
164	MARIA	ROMANO	09/G2	ING-INF/06	UNIVERSITÀ DI NAPOLI FEDERICO II	7402437505	1
165	FRANCESCO	VERDE	09/F2	ING-INF/03	UNIVERSITÀ DI NAPOLI FEDERICO II	58034902600	0
165	FRANCESCO	VERDE	09/F2	ING-INF/03	UNIVERSITÀ DI NAPOLI FEDERICO II	7003618042	1
166	ANNA	DE ROSA	06/D6	MED/26	UNIVERSITÀ DI NAPOLI FEDERICO II	59107093600	0
166	ANNA	DE ROSA	06/D6	MED/26	UNIVERSITÀ DI NAPOLI FEDERICO II	7006122053	1
167	ROSARIA	ROMANO	13/D1	SECS-S/01	UNIVERSITÀ DI NAPOLI FEDERICO II	22958799100	1
167	ROSARIA	ROMANO	13/D1	SECS-S/01	UNIVERSITÀ DI NAPOLI FEDERICO II	57206698315	0
168	PAOLO	RUSSO	02/D1	FIS/07	UNIVERSITÀ DI NAPOLI FEDERICO II	57209853753	0
168	PAOLO	RUSSO	02/D1	FIS/07	UNIVERSITÀ DI NAPOLI FEDERICO II	7202451204	1
169	GIUSEPPE	BRUNO	09/B3	ING-IND/35	UNIVERSITÀ DI NAPOLI FEDERICO II	36110679200	1
169	GIUSEPPE	BRUNO	09/B3	ING-IND/35	UNIVERSITÀ DI NAPOLI FEDERICO II	57222491517	0
170	GIOVANNA	ESPOSITO	11/E4	M-PSI/08	UNIVERSITÀ DI NAPOLI FEDERICO II	36951744800	1
170	GIOVANNA	ESPOSITO	11/E4	M-PSI/08	UNIVERSITÀ DI NAPOLI FEDERICO II	57220608708	0
171	GIOVANNI	FLORIO	04/A4	GEO/10	UNIVERSITÀ DI NAPOLI FEDERICO II	7006523414	1
171	GIOVANNI	FLORIO	04/A4	GEO/10	UNIVERSITÀ DI NAPOLI FEDERICO II	54379476000	0
172	VINCENZO	PUNZO	08/A3	ICAR/05	UNIVERSITÀ DI NAPOLI FEDERICO II	57224456978	0
172	VINCENZO	PUNZO	08/A3	ICAR/05	UNIVERSITÀ DI NAPOLI FEDERICO II	12807108200	1
173	TERESA	CIRILLO	06/M1	MED/42	UNIVERSITÀ DI NAPOLI FEDERICO II	57219908695	0
173	TERESA	CIRILLO	06/M1	MED/42	UNIVERSITÀ DI NAPOLI FEDERICO II	55960474900	1
174	FRANCESCA	RUSSO	08/A3	ICAR/04	UNIVERSITÀ DI NAPOLI FEDERICO II	24721989900	1
174	FRANCESCA	RUSSO	08/A3	ICAR/04	UNIVERSITÀ DI NAPOLI FEDERICO II	57268954900	0
175	FRANCESCO	LO IUDICE	09/G1	ING-INF/04	UNIVERSITÀ DI NAPOLI FEDERICO II	57218922523	0
175	FRANCESCO	LO IUDICE	09/G1	ING-INF/04	UNIVERSITÀ DI NAPOLI FEDERICO II	55256333300	1
176	PASQUALE	RAIA	04/A2	GEO/01	UNIVERSITÀ DI NAPOLI FEDERICO II	6603116206	1
176	PASQUALE	RAIA	04/A2	GEO/01	UNIVERSITÀ DI NAPOLI FEDERICO II	57188686176	0
177	PAOLA	FESTA	01/A6	MAT/09	UNIVERSITÀ DI NAPOLI FEDERICO II	6603693872	1
177	PAOLA	FESTA	01/A6	MAT/09	UNIVERSITÀ DI NAPOLI FEDERICO II	57208121997	0
178	STEFANO	RUSSO	09/H1	ING-INF/05	UNIVERSITÀ DI NAPOLI FEDERICO II	7102994111	1
178	STEFANO	RUSSO	09/H1	ING-INF/05	UNIVERSITÀ DI NAPOLI FEDERICO II	57212754764	0
179	ANTONIO	D'AMBROSIO	13/D1	SECS-S/01	UNIVERSITÀ DI NAPOLI FEDERICO II	57265490400	0
179	ANTONIO	D'AMBROSIO	13/D1	SECS-S/01	UNIVERSITÀ DI NAPOLI FEDERICO II	57220337876	1
180	RENATO	FRANCO	06/A4	MED/08	UNIVERSITÀ DELLA CAMPANIA - L. VANVITELLI	57208475389	1
180	RENATO	FRANCO	06/A4	MED/08	UNIVERSITÀ DELLA CAMPANIA - L. VANVITELLI	7202551070	1
181	GIULIA	RICCI	05/H2	BIO/17	UNIVERSITÀ DELLA CAMPANIA - L. VANVITELLI	16551010000	0
181	GIULIA	RICCI	05/H2	BIO/17	UNIVERSITÀ DELLA CAMPANIA - L. VANVITELLI	9249126500	1
182	SERGIO	NARDINI	09/C2	ING-IND/10	UNIVERSITÀ DELLA CAMPANIA - L. VANVITELLI	57226202631	1
182	SERGIO	NARDINI	09/C2	ING-IND/10	UNIVERSITÀ DELLA CAMPANIA - L. VANVITELLI	7005300012	1
183	MASSIMO	DE MARCHI	07/G1	AGR/19	UNIVERSITÀ DI PADOVA	12791847600	1
183	MASSIMO	DE MARCHI	07/G1	AGR/19	UNIVERSITÀ DI PADOVA	57208023301	0
184	ENRICO	MORO	05/F1	BIO/13	UNIVERSITÀ DI PADOVA	7005409217	1
184	ENRICO	MORO	05/F1	BIO/13	UNIVERSITÀ DI PADOVA	57196803492	0
185	ROBERTO	RAGAZZONI	02/C1	FIS/05	UNIVERSITÀ DI PADOVA	14059048600	1
185	ROBERTO	RAGAZZONI	02/C1	FIS/05	UNIVERSITÀ DI PADOVA	13806177200	1
186	LUCA	SCHENATO	09/G1	ING-INF/04	UNIVERSITÀ DI PADOVA	55877297826	0
186	LUCA	SCHENATO	09/G1	ING-INF/04	UNIVERSITÀ DI PADOVA	8706639600	1
187	LUCA	SCHENATO	09/F1	ING-INF/02	UNIVERSITÀ DI PADOVA	8706639600	0
187	LUCA	SCHENATO	09/F1	ING-INF/02	UNIVERSITÀ DI PADOVA	55877297826	1
188	MARCO	SCHIAVON	06/E1	MED/21	UNIVERSITÀ DI PADOVA	56036455700	0
188	MARCO	SCHIAVON	06/E1	MED/21	UNIVERSITÀ DI PADOVA	23493430000	1
189	STEFANO	SCHIAVON	07/G1	AGR/18	UNIVERSITÀ DI PADOVA	56370676100	1
189	STEFANO	SCHIAVON	07/G1	AGR/18	UNIVERSITÀ DI PADOVA	57226813400	0
190	MARCO	AGOSTINI	06/N1	MED/46	UNIVERSITÀ DI PADOVA	7005322173	1
190	MARCO	AGOSTINI	06/N1	MED/46	UNIVERSITÀ DI PADOVA	57210203085	0
191	MATTEO	LONGO	01/A2	MAT/03	UNIVERSITÀ DI PADOVA	57219357759	0
191	MATTEO	LONGO	01/A2	MAT/03	UNIVERSITÀ DI PADOVA	15725522600	1
192	LUCA	MARTINELLI	08/A1	ICAR/02	UNIVERSITÀ DI PADOVA	9739337100	1
192	LUCA	MARTINELLI	08/A1	ICAR/02	UNIVERSITÀ DI PADOVA	57232023200	0
193	FABIO	ANCONA	01/A3	MAT/05	UNIVERSITÀ DI PADOVA	57798454600	0
193	FABIO	ANCONA	01/A3	MAT/05	UNIVERSITÀ DI PADOVA	57195557700	1
194	GIOVANNI	BUSETTO	02/A1	FIS/01	UNIVERSITÀ DI PADOVA	57460644200	1
194	GIOVANNI	BUSETTO	02/A1	FIS/01	UNIVERSITÀ DI PADOVA	56889137700	1
195	ALBERTO	GUARNIERI	08/A4	ICAR/06	UNIVERSITÀ DI PADOVA	57220196758	0
195	ALBERTO	GUARNIERI	08/A4	ICAR/06	UNIVERSITÀ DI PADOVA	8634641600	1
196	EMANUELE	COZZI	06/N1	MED/50	UNIVERSITÀ DI PADOVA	7006230073	1
196	EMANUELE	COZZI	06/N1	MED/50	UNIVERSITÀ DI PADOVA	57193641985	1
197	NICOLA	FERRO	09/H1	ING-INF/05	UNIVERSITÀ DI PADOVA	57218617112	0
197	NICOLA	FERRO	09/H1	ING-INF/05	UNIVERSITÀ DI PADOVA	6507005996	1
198	ENRICO	GRINGERI	06/C1	MED/18	UNIVERSITÀ DI PADOVA	6603477447	1
198	ENRICO	GRINGERI	06/C1	MED/18	UNIVERSITÀ DI PADOVA	59360806300	1
199	GIULIO	ROSATI	09/A2	ING-IND/13	UNIVERSITÀ DI PADOVA	57218762165	1
199	GIULIO	ROSATI	09/A2	ING-IND/13	UNIVERSITÀ DI PADOVA	57218947631	0
200	MICHELA	MAPELLI	02/C1	FIS/05	UNIVERSITÀ DI PADOVA	58708886400	1
200	MICHELA	MAPELLI	02/C1	FIS/05	UNIVERSITÀ DI PADOVA	55941312500	1
201	MICHELA	ZANETTI	07/B2	AGR/06	UNIVERSITÀ DI PADOVA	7102283265	1
201	MICHELA	ZANETTI	07/B2	AGR/06	UNIVERSITÀ DI PADOVA	7102283602	0
202	ALBERTO	BENATO	09/C1	ING-IND/08	UNIVERSITÀ DI PADOVA	57208741102	0
202	ALBERTO	BENATO	09/C1	ING-IND/08	UNIVERSITÀ DI PADOVA	56071012200	1
203	ANNA	BREDA	04/A2	GEO/02	UNIVERSITÀ DI PADOVA	16642220400	1
203	ANNA	BREDA	04/A2	GEO/02	UNIVERSITÀ DI PADOVA	57213666371	0
204	CRISTINA	SARTORI	07/G1	AGR/17	UNIVERSITÀ DI PADOVA	35219241200	1
204	CRISTINA	SARTORI	07/G1	AGR/17	UNIVERSITÀ DI PADOVA	59266931400	1
205	MAURO	BERNARDI	13/D2	SECS-S/03	UNIVERSITÀ DI PADOVA	7202274536	0
205	MAURO	BERNARDI	13/D2	SECS-S/03	UNIVERSITÀ DI PADOVA	57214434675	1
206	ALESSANDRA	BIANCHI	01/A3	MAT/06	UNIVERSITÀ DI PADOVA	25652765800	1
206	ALESSANDRA	BIANCHI	01/A3	MAT/06	UNIVERSITÀ DI PADOVA	57223803973	0
207	GIUSEPPE	BATTAGLIA	11/D2	M-EDF/02	UNIVERSITÀ DI PALERMO	57195837820	0
207	GIUSEPPE	BATTAGLIA	11/D2	M-EDF/02	UNIVERSITÀ DI PALERMO	56368775000	1
208	SALVATORE	BATTAGLIA	06/D1	MED/10	UNIVERSITÀ DI PALERMO	57430051000	0
208	SALVATORE	BATTAGLIA	06/D1	MED/10	UNIVERSITÀ DI PALERMO	35434499600	1
209	FRANCESCO	GIACALONE	03/C1	CHIM/06	UNIVERSITÀ DI PALERMO	57188948262	0
209	FRANCESCO	GIACALONE	03/C1	CHIM/06	UNIVERSITÀ DI PALERMO	6602192701	1
210	ANTONIO	RUSSO	06/D3	MED/06	UNIVERSITÀ DI PALERMO	57216775591	1
210	ANTONIO	RUSSO	06/D3	MED/06	UNIVERSITÀ DI PALERMO	55237094800	1
211	MONICA	SANTAMARIA	09/D2	ING-IND/23	UNIVERSITÀ DI PALERMO	9042743600	1
211	MONICA	SANTAMARIA	09/D2	ING-IND/23	UNIVERSITÀ DI PALERMO	56763687900	0
212	GIUSEPPE	AVELLONE	03/D1	CHIM/10	UNIVERSITÀ DI PALERMO	7004436467	1
212	GIUSEPPE	AVELLONE	03/D1	CHIM/10	UNIVERSITÀ DI PALERMO	55482371000	0
213	GIOVANNI	GRASSO	06/E3	MED/27	UNIVERSITÀ DI PALERMO	57194090300	1
213	GIOVANNI	GRASSO	06/E3	MED/27	UNIVERSITÀ DI PALERMO	57224972873	0
214	STEFANO	MANGIONE	09/F2	ING-INF/03	UNIVERSITÀ DI PALERMO	7005031951	0
214	STEFANO	MANGIONE	09/F2	ING-INF/03	UNIVERSITÀ DI PALERMO	55649570457	1
215	FRANCESCO	GARGANO	01/A4	MAT/07	UNIVERSITÀ DI PALERMO	57219719727	0
215	FRANCESCO	GARGANO	01/A4	MAT/07	UNIVERSITÀ DI PALERMO	36741299500	1
216	CLAUDIO	LETO	07/B1	AGR/02	UNIVERSITÀ DI PALERMO	57217370727	0
216	CLAUDIO	LETO	07/B1	AGR/02	UNIVERSITÀ DI PALERMO	24331863700	1
217	SIMONPIETRO	AGNELLO	02/A1	FIS/01	UNIVERSITÀ DI PALERMO	9636223200	1
217	SIMONPIETRO	AGNELLO	02/A1	FIS/01	UNIVERSITÀ DI PALERMO	57220338018	1
218	GIUSEPPE	DI MICELI	07/B1	AGR/02	UNIVERSITÀ DI PALERMO	6508146592	1
218	GIUSEPPE	DI MICELI	07/B1	AGR/02	UNIVERSITÀ DI PALERMO	56525150100	0
219	FRANCESCO	VIOLA	08/A1	ICAR/02	UNIVERSITÀ DI PALERMO	36238598900	1
219	FRANCESCO	VIOLA	08/A1	ICAR/02	UNIVERSITÀ DI PALERMO	55352760000	0
220	DIEGO	ARDISSINO	06/D1	MED/11	UNIVERSITÀ DI PARMA	57215698301	1
220	DIEGO	ARDISSINO	06/D1	MED/11	UNIVERSITÀ DI PARMA	7005864114	1
221	DAVIDE	FERRARI	05/E3	BIO/12	UNIVERSITÀ DI PARMA	57204772032	0
221	DAVIDE	FERRARI	05/E3	BIO/12	UNIVERSITÀ DI PARMA	56651048800	1
222	ROBERTO	MENOZZI	09/E3	ING-INF/01	UNIVERSITÀ DI PARMA	57226217253	1
222	ROBERTO	MENOZZI	09/E3	ING-INF/01	UNIVERSITÀ DI PARMA	56703576800	0
223	ANDREA	ARTONI	04/A2	GEO/02	UNIVERSITÀ DI PARMA	54970604700	0
223	ANDREA	ARTONI	04/A2	GEO/02	UNIVERSITÀ DI PARMA	6602254597	1
224	CRISTINA	ARRIGONI	06/M1	MED/45	UNIVERSITÀ DI PAVIA	57193673675	1
224	CRISTINA	ARRIGONI	06/M1	MED/45	UNIVERSITÀ DI PAVIA	57226729043	0
225	ANDREA	MAZZANTI	09/E3	ING-INF/01	UNIVERSITÀ DI PAVIA	57192339886	1
225	ANDREA	MAZZANTI	09/E3	ING-INF/01	UNIVERSITÀ DI PAVIA	57935134000	0
225	ANDREA	MAZZANTI	09/E3	ING-INF/01	UNIVERSITÀ DI PAVIA	7005485127	0
226	STEFANO	PERLINI	06/B1	MED/09	UNIVERSITÀ DI PAVIA	7003461147	1
226	STEFANO	PERLINI	06/B1	MED/09	UNIVERSITÀ DI PAVIA	57204885077	1
227	GRAZIANO	ROSSI	05/A1	BIO/03	UNIVERSITÀ DI PAVIA	35079263400	0
227	GRAZIANO	ROSSI	05/A1	BIO/03	UNIVERSITÀ DI PAVIA	23489874800	1
228	MASSIMO	ZERANI	07/H1	VET/02	UNIVERSITÀ DI PERUGIA	7003524983	1
228	MASSIMO	ZERANI	07/H1	VET/02	UNIVERSITÀ DI PERUGIA	58763915800	1
229	SILVIA	COREZZI	02/B1	FIS/03	UNIVERSITÀ DI PERUGIA	57214551388	1
229	SILVIA	COREZZI	02/B1	FIS/03	UNIVERSITÀ DI PERUGIA	6701814764	1
230	MONICA	LOCATELLI	03/D1	CHIM/10	UNIVERSITÀ DEL PIEMONTE ORIENTALE	58080659100	1
230	MONICA	LOCATELLI	03/D1	CHIM/10	UNIVERSITÀ DEL PIEMONTE ORIENTALE	58165244200	1
231	ANDREA	BANDINI	01/A2	MAT/02	UNIVERSITÀ DI PISA	55644474000	0
231	ANDREA	BANDINI	01/A2	MAT/02	UNIVERSITÀ DI PISA	8060954600	1
232	LORENZO	COTROZZI	07/D1	AGR/12	UNIVERSITÀ DI PISA	58631663900	0
232	LORENZO	COTROZZI	07/D1	AGR/12	UNIVERSITÀ DI PISA	57188805477	1
233	LUCA	INCROCCI	07/B1	AGR/04	UNIVERSITÀ DI PISA	57201973756	1
233	LUCA	INCROCCI	07/B1	AGR/04	UNIVERSITÀ DI PISA	6701400873	0
234	LEONARDO	ROSSI	05/F1	BIO/13	UNIVERSITÀ DI PISA	17736122600	1
234	LEONARDO	ROSSI	05/F1	BIO/13	UNIVERSITÀ DI PISA	57216480705	0
235	GABRIELE	SICILIANO	06/D6	MED/26	UNIVERSITÀ DI PISA	58096342500	1
235	GABRIELE	SICILIANO	06/D6	MED/26	UNIVERSITÀ DI PISA	7005281181	1
236	FEDERICA	BARONTINI	09/D3	ING-IND/27	UNIVERSITÀ DI PISA	7007069581	1
236	FEDERICA	BARONTINI	09/D3	ING-IND/27	UNIVERSITÀ DI PISA	57209824559	0
237	ELISA	MARTINELLI	03/C2	CHIM/04	UNIVERSITÀ DI PISA	57188636391	1
237	ELISA	MARTINELLI	03/C2	CHIM/04	UNIVERSITÀ DI PISA	57233514700	0
238	MARCO	ANTONELLI	09/C1	ING-IND/08	UNIVERSITÀ DI PISA	57219906478	0
238	MARCO	ANTONELLI	09/C1	ING-IND/08	UNIVERSITÀ DI PISA	36764761600	1
239	CLAUDIO	BONANNO	01/A4	MAT/07	UNIVERSITÀ DI PISA	57216534723	0
239	CLAUDIO	BONANNO	01/A4	MAT/07	UNIVERSITÀ DI PISA	57405173100	1
240	ANTONELLA	MARTINI	09/B3	ING-IND/35	UNIVERSITÀ DI PISA	7202003999	1
240	ANTONELLA	MARTINI	09/B3	ING-IND/35	UNIVERSITÀ DI PISA	57943272400	0
241	LUCA	MORELLI	06/C1	MED/18	UNIVERSITÀ DI PISA	57215362665	0
241	LUCA	MORELLI	06/C1	MED/18	UNIVERSITÀ DI PISA	15754056100	1
242	LUCA	SANI	09/E2	ING-IND/32	UNIVERSITÀ DI PISA	55545860422	0
242	LUCA	SANI	09/E2	ING-IND/32	UNIVERSITÀ DI PISA	6603377945	1
243	FRANCESCO	D'ERRICO	09/C2	ING-IND/20	UNIVERSITÀ DI PISA	57215198704	0
243	FRANCESCO	D'ERRICO	09/C2	ING-IND/20	UNIVERSITÀ DI PISA	57217845906	1
244	FRANCESCO	GRECO	09/G2	ING-IND/34	SCUOLA SUPERIORE SANT'ANNA	57743893100	0
244	FRANCESCO	GRECO	09/G2	ING-IND/34	SCUOLA SUPERIORE SANT'ANNA	54790888500	1
245	FRANCESCO	TESTA	13/B2	SECS-P/08	SCUOLA SUPERIORE SANT'ANNA	56530903000	0
245	FRANCESCO	TESTA	13/B2	SECS-P/08	SCUOLA SUPERIORE SANT'ANNA	58872893300	1
246	PAOLO	RUGGERI	08/B1	ICAR/07	UNIVERSITÀ POLITECNICA DELLE MARCHE	55382445100	0
246	PAOLO	RUGGERI	08/B1	ICAR/07	UNIVERSITÀ POLITECNICA DELLE MARCHE	56365071900	1
247	ANDREA	ARENA	08/B2	ICAR/08	UNIVERSITÀ DI ROMA LA SAPIENZA	58485045800	0
247	ANDREA	ARENA	08/B2	ICAR/08	UNIVERSITÀ DI ROMA LA SAPIENZA	36727085200	1
248	FRANCESCO	BATTISTA	09/A1	ING-IND/06	UNIVERSITÀ DI ROMA LA SAPIENZA	57201596734	0
248	FRANCESCO	BATTISTA	09/A1	ING-IND/06	UNIVERSITÀ DI ROMA LA SAPIENZA	26645482800	1
249	MARCO	BERNARDI	11/D2	M-EDF/01	UNIVERSITÀ DI ROMA LA SAPIENZA	57732657400	0
249	MARCO	BERNARDI	11/D2	M-EDF/01	UNIVERSITÀ DI ROMA LA SAPIENZA	7202274286	1
250	ALESSANDRO	DE LUCA	09/G1	ING-INF/04	UNIVERSITÀ DI ROMA LA SAPIENZA	57192183396	0
250	ALESSANDRO	DE LUCA	09/G1	ING-INF/04	UNIVERSITÀ DI ROMA LA SAPIENZA	7201948195	1
251	GIORGIO	GRANI	06/B1	MED/09	UNIVERSITÀ DI ROMA LA SAPIENZA	6507253300	1
251	GIORGIO	GRANI	06/B1	MED/09	UNIVERSITÀ DI ROMA LA SAPIENZA	57212000804	0
252	MIRIAM	LICHTNER	06/D4	MED/17	UNIVERSITÀ DI ROMA LA SAPIENZA	6603867385	1
252	MIRIAM	LICHTNER	06/D4	MED/17	UNIVERSITÀ DI ROMA LA SAPIENZA	57202594513	1
253	CHRISTIAN	NAPOLI	06/M1	MED/42	UNIVERSITÀ DI ROMA LA SAPIENZA	7006538606	1
253	CHRISTIAN	NAPOLI	06/M1	MED/42	UNIVERSITÀ DI ROMA LA SAPIENZA	36866742400	0
254	CHRISTIAN	NAPOLI	09/H1	ING-INF/05	UNIVERSITÀ DI ROMA LA SAPIENZA	7006538606	0
254	CHRISTIAN	NAPOLI	09/H1	ING-INF/05	UNIVERSITÀ DI ROMA LA SAPIENZA	36866742400	1
255	MAURIZIO	POMPILI	06/D5	MED/25	UNIVERSITÀ DI ROMA LA SAPIENZA	7005882312	1
255	MAURIZIO	POMPILI	06/D5	MED/25	UNIVERSITÀ DI ROMA LA SAPIENZA	57194756806	0
256	GIULIANO	TOCCI	06/D1	MED/11	UNIVERSITÀ DI ROMA LA SAPIENZA	6701829557	1
256	GIULIANO	TOCCI	06/D1	MED/11	UNIVERSITÀ DI ROMA LA SAPIENZA	57210108855	1
257	FRANCESCO	COSTANTINO	09/B2	ING-IND/17	UNIVERSITÀ DI ROMA LA SAPIENZA	55229777600	1
257	FRANCESCO	COSTANTINO	09/B2	ING-IND/17	UNIVERSITÀ DI ROMA LA SAPIENZA	56243398200	0
258	MAURIZIO	DEL MONTE	04/A3	GEO/04	UNIVERSITÀ DI ROMA LA SAPIENZA	57208733365	0
258	MAURIZIO	DEL MONTE	04/A3	GEO/04	UNIVERSITÀ DI ROMA LA SAPIENZA	7005134761	1
259	ANTONIO	CULLA	09/A2	ING-IND/13	UNIVERSITÀ DI ROMA LA SAPIENZA	57212154635	0
259	ANTONIO	CULLA	09/A2	ING-IND/13	UNIVERSITÀ DI ROMA LA SAPIENZA	6602213155	1
260	PAOLA	RUSSO	09/D3	ING-IND/27	UNIVERSITÀ DI ROMA LA SAPIENZA	55366931400	1
260	PAOLA	RUSSO	09/D3	ING-IND/27	UNIVERSITÀ DI ROMA LA SAPIENZA	57541850000	0
261	ANTONIO	SANTORO	06/E3	MED/27	UNIVERSITÀ DI ROMA LA SAPIENZA	58826756200	1
261	ANTONIO	SANTORO	06/E3	MED/27	UNIVERSITÀ DI ROMA LA SAPIENZA	9844983500	1
262	IACOPO	CARBONE	06/I1	MED/36	UNIVERSITÀ DI ROMA LA SAPIENZA	57191538863	1
262	IACOPO	CARBONE	06/I1	MED/36	UNIVERSITÀ DI ROMA LA SAPIENZA	7004207292	1
263	FRANCESCO	MANCINI	09/C2	ING-IND/11	UNIVERSITÀ DI ROMA LA SAPIENZA	57396838500	0
263	FRANCESCO	MANCINI	09/C2	ING-IND/11	UNIVERSITÀ DI ROMA LA SAPIENZA	56335588900	1
264	CESARE	BINI	02/A1	FIS/01	UNIVERSITÀ DI ROMA LA SAPIENZA	55138747600	1
264	CESARE	BINI	02/A1	FIS/01	UNIVERSITÀ DI ROMA LA SAPIENZA	7005340355	1
265	GIUSEPPE	ESPOSITO	05/G1	BIO/14	UNIVERSITÀ DI ROMA LA SAPIENZA	56767594100	1
265	GIUSEPPE	ESPOSITO	05/G1	BIO/14	UNIVERSITÀ DI ROMA LA SAPIENZA	57072663100	0
266	FRANCESCO	ROMEO	08/B2	ICAR/08	UNIVERSITÀ DI ROMA LA SAPIENZA	7004946211	0
266	FRANCESCO	ROMEO	08/B2	ICAR/08	UNIVERSITÀ DI ROMA LA SAPIENZA	56248941100	1
267	MAURO	CAPOCCI	06/A2	MED/02	UNIVERSITÀ DI ROMA LA SAPIENZA	15743674100	0
267	MAURO	CAPOCCI	06/A2	MED/02	UNIVERSITÀ DI ROMA LA SAPIENZA	57218315659	1
268	STEFANO	ROSSI	09/E4	ING-IND/12	UNIVERSITÀ DI ROMA LA SAPIENZA	57201545808	0
268	STEFANO	ROSSI	09/E4	ING-IND/12	UNIVERSITÀ DI ROMA LA SAPIENZA	36806864000	1
269	STEFANO	RICCI	08/A3	ICAR/05	UNIVERSITÀ DI ROMA LA SAPIENZA	57213091605	0
269	STEFANO	RICCI	08/A3	ICAR/05	UNIVERSITÀ DI ROMA LA SAPIENZA	55333015400	1
270	GIOVANNI	MONTELEONE	06/D4	MED/12	UNIVERSITÀ DI ROMA TOR VERGATA	35598104200	0
270	GIOVANNI	MONTELEONE	06/D4	MED/12	UNIVERSITÀ DI ROMA TOR VERGATA	57898760200	1
271	ORAZIO	SCHILLACI	06/I1	MED/36	UNIVERSITÀ DI ROMA TOR VERGATA	7006797595	1
271	ORAZIO	SCHILLACI	06/I1	MED/36	UNIVERSITÀ DI ROMA TOR VERGATA	57219808318	1
272	FRANCESCO	TOMBESI	02/C1	FIS/05	UNIVERSITÀ DI ROMA TOR VERGATA	57217304498	1
272	FRANCESCO	TOMBESI	02/C1	FIS/05	UNIVERSITÀ DI ROMA TOR VERGATA	16433076800	1
273	PAOLO	ROSSI	06/G1	MED/38	UNIVERSITÀ DI ROMA TOR VERGATA	55336109100	0
273	PAOLO	ROSSI	06/G1	MED/38	UNIVERSITÀ DI ROMA TOR VERGATA	57197200439	1
274	STEFANO	BIANCHI	02/C1	FIS/05	UNIVERSITÀ DI ROMA TRE	57200871157	1
274	STEFANO	BIANCHI	02/C1	FIS/05	UNIVERSITÀ DI ROMA TRE	7202503936	1
275	MARCO	CARLI	09/F2	ING-INF/03	UNIVERSITÀ DI ROMA TRE	57218214191	1
275	MARCO	CARLI	09/F2	ING-INF/03	UNIVERSITÀ DI ROMA TRE	58821932800	1
276	ALESSANDRO	GIULIANI	01/A4	MAT/07	UNIVERSITÀ DI ROMA TRE	57102751000	0
276	ALESSANDRO	GIULIANI	01/A4	MAT/07	UNIVERSITÀ DI ROMA TRE	57203216375	1
277	ROCCO	PAPALIA	06/F4	MED/33	UNIV. CAMPUS BIO-MEDICO DI ROMA	8277217000	1
277	ROCCO	PAPALIA	06/F4	MED/33	UNIV. CAMPUS BIO-MEDICO DI ROMA	55493481400	0
278	BRUNO	BEOMONTE ZOBEL	06/I1	MED/36	UNIV. CAMPUS BIO-MEDICO DI ROMA	57215063611	1
278	BRUNO	BEOMONTE ZOBEL	06/I1	MED/36	UNIV. CAMPUS BIO-MEDICO DI ROMA	14520231000	1
279	RAFFAELE	ANTONELLI INCALZI	06/B1	MED/09	UNIV. CAMPUS BIO-MEDICO DI ROMA	7005480052	1
279	RAFFAELE	ANTONELLI INCALZI	06/B1	MED/09	UNIV. CAMPUS BIO-MEDICO DI ROMA	57214771759	1
280	DANIELE	GALLO	12/E4	IUS/14	UNIVERSITÀ LUISS GUIDO CARLI	55789282900	1
280	DANIELE	GALLO	12/E4	IUS/14	UNIVERSITÀ LUISS GUIDO CARLI	58573339500	1
281	DOMENICO	GUIDA	09/A2	ING-IND/13	UNIVERSITÀ DI SALERNO	57191868145	1
282	ANTONIO	DE NICOLA	01/A2	MAT/03	UNIVERSITÀ DI SALERNO	22953030200	1
282	ANTONIO	DE NICOLA	01/A2	MAT/03	UNIVERSITÀ DI SALERNO	55506308700	0
283	ROBERTO	DE PRISCO	01/B1	INF/01	UNIVERSITÀ DI SALERNO	55964955500	1
283	ROBERTO	DE PRISCO	01/B1	INF/01	UNIVERSITÀ DI SALERNO	57459569600	1
284	FRANCESCO	MARRA	09/D2	ING-IND/24	UNIVERSITÀ DI SALERNO	7005436761	1
284	FRANCESCO	MARRA	09/D2	ING-IND/24	UNIVERSITÀ DI SALERNO	57649609400	0
285	PAOLA	RUSSO	03/D2	CHIM/09	UNIVERSITÀ DI SALERNO	57191567298	1
285	PAOLA	RUSSO	03/D2	CHIM/09	UNIVERSITÀ DI SALERNO	55366931400	0
286	FRANCESCO	CUCCA	06/A1	MED/03	UNIVERSITÀ DI SASSARI	57203259734	1
286	FRANCESCO	CUCCA	06/A1	MED/03	UNIVERSITÀ DI SASSARI	57216814185	1
287	GIORDANO	MADEDDU	06/D4	MED/17	UNIVERSITÀ DI SASSARI	55367306300	1
287	GIORDANO	MADEDDU	06/D4	MED/17	UNIVERSITÀ DI SASSARI	57221570951	1
288	ANTONIO	PINNA	06/F2	MED/30	UNIVERSITÀ DI SASSARI	57217376715	0
288	ANTONIO	PINNA	06/F2	MED/30	UNIVERSITÀ DI SASSARI	34571663000	1
289	GAVINO	SANNA	03/A1	CHIM/01	UNIVERSITÀ DI SASSARI	57218254834	1
289	GAVINO	SANNA	03/A1	CHIM/01	UNIVERSITÀ DI SASSARI	57218315526	0
290	ALESSANDRO	PINI	05/E1	BIO/10	UNIVERSITÀ DI SIENA	57195195524	1
290	ALESSANDRO	PINI	05/E1	BIO/10	UNIVERSITÀ DI SIENA	56976080900	0
292	MARCO	FERRARI	06/F1	MED/28	UNIVERSITÀ DI SIENA	57218958886	1
292	MARCO	FERRARI	06/F1	MED/28	UNIVERSITÀ DI SIENA	59056864700	1
293	ALESSANDRO	ROSSI	06/D6	MED/26	UNIVERSITÀ DI SIENA	57216170779	0
293	ALESSANDRO	ROSSI	06/D6	MED/26	UNIVERSITÀ DI SIENA	56918636600	1
294	GEORGIA	MANDOLESI	05/F1	BIO/13	UNIV. TELEMATICA SAN RAFFAELE ROMA	58299016100	1
294	GEORGIA	MANDOLESI	05/F1	BIO/13	UNIV. TELEMATICA SAN RAFFAELE ROMA	6508313559	1
295	GIOVANNI	DI PERRI	06/D4	MED/17	UNIVERSITÀ DI TORINO	57226874520	1
295	GIOVANNI	DI PERRI	06/D4	MED/17	UNIVERSITÀ DI TORINO	55929702000	1
296	DANIELE	GIORDANO	04/A1	GEO/08	UNIVERSITÀ DI TORINO	7005866371	1
296	DANIELE	GIORDANO	04/A1	GEO/08	UNIVERSITÀ DI TORINO	57114431000	0
297	SILVIA	GIORDANO	05/H2	BIO/17	UNIVERSITÀ DI TORINO	58153251200	0
297	SILVIA	GIORDANO	05/H2	BIO/17	UNIVERSITÀ DI TORINO	7101995339	1
298	CHIARA	BENEDETTO	06/H1	MED/40	UNIVERSITÀ DI TORINO	56276035400	1
298	CHIARA	BENEDETTO	06/H1	MED/40	UNIVERSITÀ DI TORINO	57202557734	1
299	SIMONETTA	MARCELLO	02/A1	FIS/01	UNIVERSITÀ DI TORINO	7005560081	1
299	SIMONETTA	MARCELLO	02/A1	FIS/01	UNIVERSITÀ DI TORINO	57670464300	1
300	ROBERTO	GAMBINO	05/E3	BIO/12	UNIVERSITÀ DI TORINO	59091954000	1
300	ROBERTO	GAMBINO	05/E3	BIO/12	UNIVERSITÀ DI TORINO	57190660811	1
300	ROBERTO	GAMBINO	05/E3	BIO/12	UNIVERSITÀ DI TORINO	55381457900	1
301	PAOLO	GONTERO	06/E2	MED/24	UNIVERSITÀ DI TORINO	7003279939	1
301	PAOLO	GONTERO	06/E2	MED/24	UNIVERSITÀ DI TORINO	57191245454	1
302	RICCARDO	BELTRAMO	13/B5	SECS-P/13	UNIVERSITÀ DI TORINO	57203428846	1
302	RICCARDO	BELTRAMO	13/B5	SECS-P/13	UNIVERSITÀ DI TORINO	36496401900	0
303	ROBERTO SENNEN	BRUSA	02/A1	FIS/01	UNIVERSITÀ DI TRENTO	35480989800	1
303	ROBERTO SENNEN	BRUSA	02/A1	FIS/01	UNIVERSITÀ DI TRENTO	57215203755	1
304	PAOLO	BOSETTI	09/E4	ING-IND/12	UNIVERSITÀ DI TRENTO	6701692558	1
304	PAOLO	BOSETTI	09/E4	ING-IND/12	UNIVERSITÀ DI TRENTO	57218198910	0
305	GUIDO	GRANDI	06/A3	MED/07	UNIVERSITÀ DI TRENTO	7004305689	1
305	GUIDO	GRANDI	06/A3	MED/07	UNIVERSITÀ DI TRENTO	57201237027	1
306	DAVIDE	GATTI	06/D3	MED/16	UNIVERSITÀ DI VERONA	7007102867	1
306	DAVIDE	GATTI	06/D3	MED/16	UNIVERSITÀ DI VERONA	57224961558	1
307	GIAN LUCA	SALVAGNO	05/E3	BIO/12	UNIVERSITÀ DI VERONA	57226219917	1
307	GIAN LUCA	SALVAGNO	05/E3	BIO/12	UNIVERSITÀ DI VERONA	8878046000	1
308	CLAUDIO	MAFFEIS	06/G1	MED/38	UNIVERSITÀ DI VERONA	7007036239	1
308	CLAUDIO	MAFFEIS	06/G1	MED/38	UNIVERSITÀ DI VERONA	57214204016	1
309	GIUSEPPE	ZAMBONI	06/A4	MED/08	UNIVERSITÀ DI VERONA	56953589300	1
309	GIUSEPPE	ZAMBONI	06/A4	MED/08	UNIVERSITÀ DI VERONA	7103184806	1
310	BARBARA	ROSSI	06/A2	MED/04	UNIVERSITÀ DI VERONA	57208220408	1
310	BARBARA	ROSSI	06/A2	MED/04	UNIVERSITÀ DI VERONA	55358646000	0
